web-scraper-order,web-scraper-start-url,imgs-src
"1538663484-1324","https://discordemoji.com/category/4/anime","https://discordemoji.com/assets/emoji/cappy.png"
"1538663484-970","https://discordemoji.com/category/4/anime","https://discordemoji.com/assets/emoji/judging_tottokomtarou.png"
"1538663484-1019","https://discordemoji.com/category/4/anime","https://discordemoji.com/assets/emoji/AwooRainbow.png"
"1538663484-1175","https://discordemoji.com/category/4/anime","https://discordemoji.com/assets/emoji/PikachuFacePalm.png"
"1538663484-845","https://discordemoji.com/category/4/anime","https://discordemoji.com/assets/emoji/Nadeshiko.png"
"1538663484-1243","https://discordemoji.com/category/4/anime","https://discordemoji.com/assets/emoji/fatchiouli.png"
"1538663484-1401","https://discordemoji.com/category/4/anime","https://discordemoji.com/assets/emoji/thiss.png"
"1538663484-1352","https://discordemoji.com/category/4/anime","https://discordemoji.com/assets/emoji/cirno_angery.png"
"1538663484-787","https://discordemoji.com/category/4/anime","https://discordemoji.com/assets/emoji/AllForPing.png"
"1538663484-1267","https://discordemoji.com/category/4/anime","https://discordemoji.com/assets/emoji/MudkipSarcasticLOL.png"
"1538663484-1135","https://discordemoji.com/category/4/anime","https://discordemoji.com/assets/emoji/displeased.png"
"1538663484-1159","https://discordemoji.com/category/4/anime","https://discordemoji.com/assets/emoji/mad_ochoko.png"
"1538663484-940","https://discordemoji.com/category/4/anime","https://discordemoji.com/assets/emoji/KyuSleepy.png"
"1538663484-1020","https://discordemoji.com/category/4/anime","https://discordemoji.com/assets/emoji/TodorokiYES.png"
"1538663484-1166","https://discordemoji.com/category/4/anime","https://discordemoji.com/assets/emoji/GlaceonSip.png"
"1538663484-1083","https://discordemoji.com/category/4/anime","https://discordemoji.com/assets/emoji/hanako_what.png"
"1538663484-1378","https://discordemoji.com/category/4/anime","https://discordemoji.com/assets/emoji/really_tired.png"
"1538663484-1487","https://discordemoji.com/category/4/anime","https://discordemoji.com/assets/emoji/MeguBlush.png"
"1538663484-983","https://discordemoji.com/category/4/anime","https://discordemoji.com/assets/emoji/nijimin.png"
"1538663484-1536","https://discordemoji.com/category/4/anime","https://discordemoji.com/assets/emoji/YamiBlush.png"
"1538663484-1207","https://discordemoji.com/category/4/anime","https://discordemoji.com/assets/emoji/HitomiHappy.png"
"1538663484-1342","https://discordemoji.com/category/4/anime","https://discordemoji.com/assets/emoji/Pantsu.png"
"1538663484-1221","https://discordemoji.com/category/4/anime","https://discordemoji.com/assets/emoji/SnivyBad.png"
"1538663484-1435","https://discordemoji.com/category/4/anime","https://discordemoji.com/assets/emoji/owo2.png"
"1538663484-1136","https://discordemoji.com/category/4/anime","https://discordemoji.com/assets/emoji/DewpiderLove.png"
"1538663484-1406","https://discordemoji.com/category/4/anime","https://discordemoji.com/assets/emoji/PuppyFace.png"
"1538663484-1178","https://discordemoji.com/category/4/anime","https://discordemoji.com/assets/emoji/FoxKool.png"
"1538663484-1149","https://discordemoji.com/category/4/anime","https://discordemoji.com/assets/emoji/diabolic.png"
"1538663484-1387","https://discordemoji.com/category/4/anime","https://discordemoji.com/assets/emoji/KannaWhat.png"
"1538663484-1038","https://discordemoji.com/category/4/anime","https://discordemoji.com/assets/emoji/flandre_laugh.png"
"1538663484-1145","https://discordemoji.com/category/4/anime","https://discordemoji.com/assets/emoji/yuri.png"
"1538663484-1521","https://discordemoji.com/category/4/anime","https://discordemoji.com/assets/emoji/ibukilewd.png"
"1538663484-1337","https://discordemoji.com/category/4/anime","https://discordemoji.com/assets/emoji/LewdMegumin.png"
"1538663484-1311","https://discordemoji.com/category/4/anime","https://discordemoji.com/assets/emoji/d_lina_uhh.png"
"1538663484-946","https://discordemoji.com/category/4/anime","https://discordemoji.com/assets/emoji/KyuNya.png"
"1538663484-815","https://discordemoji.com/category/4/anime","https://discordemoji.com/assets/emoji/Sharingan.png"
"1538663484-1008","https://discordemoji.com/category/4/anime","https://discordemoji.com/assets/emoji/sharingan.png"
"1538663484-1026","https://discordemoji.com/category/4/anime","https://discordemoji.com/assets/emoji/nuinui_reach.png"
"1538663484-1033","https://discordemoji.com/category/4/anime","https://discordemoji.com/assets/emoji/PikaSleep.png"
"1538663484-1250","https://discordemoji.com/category/4/anime","https://discordemoji.com/assets/emoji/LillieHey.png"
"1538663484-1345","https://discordemoji.com/category/4/anime","https://discordemoji.com/assets/emoji/tachi_closed_eyes.png"
"1538663484-896","https://discordemoji.com/category/4/anime","https://discordemoji.com/assets/emoji/nero_ping.png"
"1538663484-1468","https://discordemoji.com/category/4/anime","https://discordemoji.com/assets/emoji/BabyBananya.png"
"1538663484-1269","https://discordemoji.com/category/4/anime","https://discordemoji.com/assets/emoji/SnorlaxPeace.png"
"1538663484-790","https://discordemoji.com/category/4/anime","https://discordemoji.com/assets/emoji/kurocutestare.png"
"1538663484-980","https://discordemoji.com/category/4/anime","https://discordemoji.com/assets/emoji/rem_heil.png"
"1538663484-1363","https://discordemoji.com/category/4/anime","https://discordemoji.com/assets/emoji/mokou_LUL.png"
"1538663484-891","https://discordemoji.com/category/4/anime","https://discordemoji.com/assets/emoji/AngrySnek.png"
"1538663484-1483","https://discordemoji.com/category/4/anime","https://discordemoji.com/assets/emoji/GoodMorning.png"
"1538663484-1040","https://discordemoji.com/category/4/anime","https://discordemoji.com/assets/emoji/flandre_happy.png"
"1538663484-1103","https://discordemoji.com/category/4/anime","https://discordemoji.com/assets/emoji/mashanyaaa.png"
"1538663484-1335","https://discordemoji.com/category/4/anime","https://discordemoji.com/assets/emoji/yusuke.png"
"1538663484-1527","https://discordemoji.com/category/4/anime","https://discordemoji.com/assets/emoji/PraiseTheMagik.png"
"1538663484-1230","https://discordemoji.com/category/4/anime","https://discordemoji.com/assets/emoji/MudkipSmile.png"
"1538663484-1430","https://discordemoji.com/category/4/anime","https://discordemoji.com/assets/emoji/Rem.png"
"1538663484-923","https://discordemoji.com/category/4/anime","https://discordemoji.com/assets/emoji/NekoSip.png"
"1538663484-803","https://discordemoji.com/category/4/anime","https://discordemoji.com/assets/emoji/Kuroupset.png"
"1538663484-1193","https://discordemoji.com/category/4/anime","https://discordemoji.com/assets/emoji/RudeMiddlefingerGrill.png"
"1538663484-1260","https://discordemoji.com/category/4/anime","https://discordemoji.com/assets/emoji/letalQQ.png"
"1538663484-1107","https://discordemoji.com/category/4/anime","https://discordemoji.com/assets/emoji/mashabeg.png"
"1538663484-978","https://discordemoji.com/category/4/anime","https://discordemoji.com/assets/emoji/ok_tou.png"
"1538663484-1219","https://discordemoji.com/category/4/anime","https://discordemoji.com/assets/emoji/OshawottWAT.png"
"1538663484-1289","https://discordemoji.com/category/4/anime","https://discordemoji.com/assets/emoji/this_gets_my_pp_hard.png"
"1538663484-1517","https://discordemoji.com/category/4/anime","https://discordemoji.com/assets/emoji/JibrilWant.png"
"1538663484-1045","https://discordemoji.com/category/4/anime","https://discordemoji.com/assets/emoji/flandre_expressionless.png"
"1538663484-1496","https://discordemoji.com/category/4/anime","https://discordemoji.com/assets/emoji/CHOCO.png"
"1538663484-1381","https://discordemoji.com/category/4/anime","https://discordemoji.com/assets/emoji/kagerou.png"
"1538663484-1481","https://discordemoji.com/category/4/anime","https://discordemoji.com/assets/emoji/AkkoWorried.png"
"1538663484-1246","https://discordemoji.com/category/4/anime","https://discordemoji.com/assets/emoji/ciruno.png"
"1538663484-1165","https://discordemoji.com/category/4/anime","https://discordemoji.com/assets/emoji/kiritoHmm.png"
"1538663484-1285","https://discordemoji.com/category/4/anime","https://discordemoji.com/assets/emoji/CyclopsNoPillow.png"
"1538663484-979","https://discordemoji.com/category/4/anime","https://discordemoji.com/assets/emoji/teehee_toga.png"
"1538663484-1170","https://discordemoji.com/category/4/anime","https://discordemoji.com/assets/emoji/PyukumukuThumbsUp.png"
"1538663484-1248","https://discordemoji.com/category/4/anime","https://discordemoji.com/assets/emoji/raymoo.png"
"1538663484-1390","https://discordemoji.com/category/4/anime","https://discordemoji.com/assets/emoji/Sayori.png"
"1538663484-1417","https://discordemoji.com/category/4/anime","https://discordemoji.com/assets/emoji/earth-chanPodaru.png"
"1538663484-1362","https://discordemoji.com/category/4/anime","https://discordemoji.com/assets/emoji/mokou_amused.png"
"1538663484-1204","https://discordemoji.com/category/4/anime","https://discordemoji.com/assets/emoji/HitomiHeart.png"
"1538663484-1095","https://discordemoji.com/category/4/anime","https://discordemoji.com/assets/emoji/mashatroll.png"
"1538663484-1432","https://discordemoji.com/category/4/anime","https://discordemoji.com/assets/emoji/BexGasm.png"
"1538663484-957","https://discordemoji.com/category/4/anime","https://discordemoji.com/assets/emoji/KyuSad.png"
"1538663484-1255","https://discordemoji.com/category/4/anime","https://discordemoji.com/assets/emoji/DizzyPikachu.png"
"1538663484-1562","https://discordemoji.com/category/4/anime","https://discordemoji.com/assets/emoji/TohruSmug.png"
"1538663484-1173","https://discordemoji.com/category/4/anime","https://discordemoji.com/assets/emoji/TeddiursaOwo.png"
"1538663484-1503","https://discordemoji.com/category/4/anime","https://discordemoji.com/assets/emoji/ChenSad.png"
"1538663484-910","https://discordemoji.com/category/4/anime","https://discordemoji.com/assets/emoji/ohayo.png"
"1538663484-1451","https://discordemoji.com/category/4/anime","https://discordemoji.com/assets/emoji/NotLikeSagiri.png"
"1538663484-1199","https://discordemoji.com/category/4/anime","https://discordemoji.com/assets/emoji/HitomiPte2.png"
"1538663484-1148","https://discordemoji.com/category/4/anime","https://discordemoji.com/assets/emoji/catface.png"
"1538663484-824","https://discordemoji.com/category/4/anime","https://discordemoji.com/assets/emoji/KagerouLook.png"
"1538663484-1158","https://discordemoji.com/category/4/anime","https://discordemoji.com/assets/emoji/heartsqueeze.png"
"1538663484-1198","https://discordemoji.com/category/4/anime","https://discordemoji.com/assets/emoji/HitomiBean.png"
"1538663484-894","https://discordemoji.com/category/4/anime","https://discordemoji.com/assets/emoji/NekoByeBye.png"
"1538663484-952","https://discordemoji.com/category/4/anime","https://discordemoji.com/assets/emoji/KyuLove.png"
"1538663484-1405","https://discordemoji.com/category/4/anime","https://discordemoji.com/assets/emoji/ImCool.png"
"1538663484-1546","https://discordemoji.com/category/4/anime","https://discordemoji.com/assets/emoji/AYAYA.png"
"1538663484-1375","https://discordemoji.com/category/4/anime","https://discordemoji.com/assets/emoji/im_mokou_kill_myself.png"
"1538663484-929","https://discordemoji.com/category/4/anime","https://discordemoji.com/assets/emoji/kyoukosmug.png"
"1538663484-1423","https://discordemoji.com/category/4/anime","https://discordemoji.com/assets/emoji/ram_heil.png"
"1538663484-1448","https://discordemoji.com/category/4/anime","https://discordemoji.com/assets/emoji/owoSip.png"
"1538663484-972","https://discordemoji.com/category/4/anime","https://discordemoji.com/assets/emoji/angry_touka.png"
"1538663484-1187","https://discordemoji.com/category/4/anime","https://discordemoji.com/assets/emoji/catgirl_patch_wave.png"
"1538663484-1271","https://discordemoji.com/category/4/anime","https://discordemoji.com/assets/emoji/JackFrost.png"
"1538663484-935","https://discordemoji.com/category/4/anime","https://discordemoji.com/assets/emoji/ochakopray.png"
"1538663484-1415","https://discordemoji.com/category/4/anime","https://discordemoji.com/assets/emoji/suprisedmaki.png"
"1538663484-1344","https://discordemoji.com/category/4/anime","https://discordemoji.com/assets/emoji/Braz_shock.png"
"1538663484-948","https://discordemoji.com/category/4/anime","https://discordemoji.com/assets/emoji/KyuHide.png"
"1538663484-1002","https://discordemoji.com/category/4/anime","https://discordemoji.com/assets/emoji/SocietteBlush.png"
"1538663484-1379","https://discordemoji.com/category/4/anime","https://discordemoji.com/assets/emoji/so_bad_and_amusing_that_I_make_this_face.png"
"1538663484-1152","https://discordemoji.com/category/4/anime","https://discordemoji.com/assets/emoji/monoma.png"
"1538663484-1556","https://discordemoji.com/category/4/anime","https://discordemoji.com/assets/emoji/BibleRem.png"
"1538663484-1118","https://discordemoji.com/category/4/anime","https://discordemoji.com/assets/emoji/cir_FISHE.png"
"1538663484-1384","https://discordemoji.com/category/4/anime","https://discordemoji.com/assets/emoji/shiki_confused.png"
"1538663484-1457","https://discordemoji.com/category/4/anime","https://discordemoji.com/assets/emoji/owoBaka.png"
"1538663484-1051","https://discordemoji.com/category/4/anime","https://discordemoji.com/assets/emoji/MiltankThink.png"
"1538663484-1280","https://discordemoji.com/category/4/anime","https://discordemoji.com/assets/emoji/NatsuFacePalm.png"
"1538663484-1463","https://discordemoji.com/category/4/anime","https://discordemoji.com/assets/emoji/mexShrug.png"
"1538663484-982","https://discordemoji.com/category/4/anime","https://discordemoji.com/assets/emoji/natsuping.png"
"1538663484-1258","https://discordemoji.com/category/4/anime","https://discordemoji.com/assets/emoji/PIkaBIRL.png"
"1538663484-1105","https://discordemoji.com/category/4/anime","https://discordemoji.com/assets/emoji/mashahello.png"
"1538663484-1259","https://discordemoji.com/category/4/anime","https://discordemoji.com/assets/emoji/BulbaOWO.png"
"1538663484-1455","https://discordemoji.com/category/4/anime","https://discordemoji.com/assets/emoji/owoClap.png"
"1538663484-1370","https://discordemoji.com/category/4/anime","https://discordemoji.com/assets/emoji/seija_yes.png"
"1538663484-949","https://discordemoji.com/category/4/anime","https://discordemoji.com/assets/emoji/KyuHuggys.png"
"1538663484-1174","https://discordemoji.com/category/4/anime","https://discordemoji.com/assets/emoji/MeowthGasm.png"
"1538663484-1443","https://discordemoji.com/category/4/anime","https://discordemoji.com/assets/emoji/ComfySagiri.png"
"1538663484-1206","https://discordemoji.com/category/4/anime","https://discordemoji.com/assets/emoji/HitomiBan.png"
"1538663484-1537","https://discordemoji.com/category/4/anime","https://discordemoji.com/assets/emoji/YamiPout.png"
"1538663484-1025","https://discordemoji.com/category/4/anime","https://discordemoji.com/assets/emoji/neko_sweat.png"
"1538663484-1132","https://discordemoji.com/category/4/anime","https://discordemoji.com/assets/emoji/MafuSad.png"
"1538663484-820","https://discordemoji.com/category/4/anime","https://discordemoji.com/assets/emoji/KagerouCuteLook.png"
"1538663484-973","https://discordemoji.com/category/4/anime","https://discordemoji.com/assets/emoji/hmph_touka.png"
"1538663484-1539","https://discordemoji.com/category/4/anime","https://discordemoji.com/assets/emoji/meinaLewd.png"
"1538663484-1197","https://discordemoji.com/category/4/anime","https://discordemoji.com/assets/emoji/HitomiYay.png"
"1538663484-1041","https://discordemoji.com/category/4/anime","https://discordemoji.com/assets/emoji/flandre_embarrassed.png"
"1538663484-1155","https://discordemoji.com/category/4/anime","https://discordemoji.com/assets/emoji/yes.png"
"1538663484-1254","https://discordemoji.com/category/4/anime","https://discordemoji.com/assets/emoji/MunchlaxSleep.png"
"1538663484-1295","https://discordemoji.com/category/4/anime","https://discordemoji.com/assets/emoji/hmm.png"
"1538663484-1268","https://discordemoji.com/category/4/anime","https://discordemoji.com/assets/emoji/AshNeh.png"
"1538663484-1184","https://discordemoji.com/category/4/anime","https://discordemoji.com/assets/emoji/catgirl_satori_angry.png"
"1538663484-890","https://discordemoji.com/category/4/anime","https://discordemoji.com/assets/emoji/ChinoThink.png"
"1538663484-1477","https://discordemoji.com/category/4/anime","https://discordemoji.com/assets/emoji/AkkoHug.png"
"1538663484-1336","https://discordemoji.com/category/4/anime","https://discordemoji.com/assets/emoji/wokeOwO.png"
"1538663484-1047","https://discordemoji.com/category/4/anime","https://discordemoji.com/assets/emoji/Huh.png"
"1538663484-1273","https://discordemoji.com/category/4/anime","https://discordemoji.com/assets/emoji/robin.png"
"1538663484-1049","https://discordemoji.com/category/4/anime","https://discordemoji.com/assets/emoji/EspeonGrumpy.png"
"1538663484-1128","https://discordemoji.com/category/4/anime","https://discordemoji.com/assets/emoji/Mafuthinking.png"
"1538663484-1006","https://discordemoji.com/category/4/anime","https://discordemoji.com/assets/emoji/Agumon.png"
"1538663484-1508","https://discordemoji.com/category/4/anime","https://discordemoji.com/assets/emoji/remFive.png"
"1538663484-1032","https://discordemoji.com/category/4/anime","https://discordemoji.com/assets/emoji/PikaHappy.png"
"1538663484-1471","https://discordemoji.com/category/4/anime","https://discordemoji.com/assets/emoji/remVV.png"
"1538663484-1565","https://discordemoji.com/category/4/anime","https://discordemoji.com/assets/emoji/GWnoneMeguDed.png"
"1538663484-1509","https://discordemoji.com/category/4/anime","https://discordemoji.com/assets/emoji/AstolfoNight.png"
"1538663484-899","https://discordemoji.com/category/4/anime","https://discordemoji.com/assets/emoji/chibiumu.png"
"1538663484-1365","https://discordemoji.com/category/4/anime","https://discordemoji.com/assets/emoji/cool_mokou.png"
"1538663484-1464","https://discordemoji.com/category/4/anime","https://discordemoji.com/assets/emoji/NotLikeNico.png"
"1538663484-1138","https://discordemoji.com/category/4/anime","https://discordemoji.com/assets/emoji/DewpiderBlush.png"
"1538663484-1080","https://discordemoji.com/category/4/anime","https://discordemoji.com/assets/emoji/FletchlingWhat.png"
"1538663484-1288","https://discordemoji.com/category/4/anime","https://discordemoji.com/assets/emoji/AnnaLewd.png"
"1538663484-1014","https://discordemoji.com/category/4/anime","https://discordemoji.com/assets/emoji/doremy.png"
"1538663484-1287","https://discordemoji.com/category/4/anime","https://discordemoji.com/assets/emoji/AnnaHeart.png"
"1538663484-1447","https://discordemoji.com/category/4/anime","https://discordemoji.com/assets/emoji/owoHype.png"
"1538663484-1566","https://discordemoji.com/category/4/anime","https://discordemoji.com/assets/emoji/YASHH.png"
"1538663484-1412","https://discordemoji.com/category/4/anime","https://discordemoji.com/assets/emoji/albedohmm.png"
"1538663484-1294","https://discordemoji.com/category/4/anime","https://discordemoji.com/assets/emoji/night.png"
"1538663484-816","https://discordemoji.com/category/4/anime","https://discordemoji.com/assets/emoji/Ken_Kaneki.png"
"1538663484-1043","https://discordemoji.com/category/4/anime","https://discordemoji.com/assets/emoji/flandre_concerned.png"
"1538663484-876","https://discordemoji.com/category/4/anime","https://discordemoji.com/assets/emoji/INTSL_Aokiji_NOPE.png"
"1538663484-1304","https://discordemoji.com/category/4/anime","https://discordemoji.com/assets/emoji/nyeaahh.png"
"1538663484-1222","https://discordemoji.com/category/4/anime","https://discordemoji.com/assets/emoji/TorchicLove.png"
"1538663484-1115","https://discordemoji.com/category/4/anime","https://discordemoji.com/assets/emoji/Ayana_obey.png"
"1538663484-1284","https://discordemoji.com/category/4/anime","https://discordemoji.com/assets/emoji/asuka_watermelon.png"
"1538663484-988","https://discordemoji.com/category/4/anime","https://discordemoji.com/assets/emoji/Ach_tak.png"
"1538663484-1341","https://discordemoji.com/category/4/anime","https://discordemoji.com/assets/emoji/SoShyy.png"
"1538663484-1082","https://discordemoji.com/category/4/anime","https://discordemoji.com/assets/emoji/KannaOhh.png"
"1538663484-1044","https://discordemoji.com/category/4/anime","https://discordemoji.com/assets/emoji/flandre_angery.png"
"1538663484-1213","https://discordemoji.com/category/4/anime","https://discordemoji.com/assets/emoji/KonCry.png"
"1538663484-1021","https://discordemoji.com/category/4/anime","https://discordemoji.com/assets/emoji/AllMightNOOO.png"
"1538663484-1225","https://discordemoji.com/category/4/anime","https://discordemoji.com/assets/emoji/PiplupCry.png"
"1538663484-1504","https://discordemoji.com/category/4/anime","https://discordemoji.com/assets/emoji/ramYeah.png"
"1538663484-789","https://discordemoji.com/category/4/anime","https://discordemoji.com/assets/emoji/Kuroehm.png"
"1538663484-1195","https://discordemoji.com/category/4/anime","https://discordemoji.com/assets/emoji/ShookNagatoro.png"
"1538663484-1414","https://discordemoji.com/category/4/anime","https://discordemoji.com/assets/emoji/MakiBlush.png"
"1538663484-1426","https://discordemoji.com/category/4/anime","https://discordemoji.com/assets/emoji/nicodab.png"
"1538663484-1004","https://discordemoji.com/category/4/anime","https://discordemoji.com/assets/emoji/JotaroSweat.png"
"1538663484-1466","https://discordemoji.com/category/4/anime","https://discordemoji.com/assets/emoji/TohruWeary.png"
"1538663484-1252","https://discordemoji.com/category/4/anime","https://discordemoji.com/assets/emoji/ChespinHappy.png"
"1538663484-847","https://discordemoji.com/category/4/anime","https://discordemoji.com/assets/emoji/Kannadab.png"
"1538663484-839","https://discordemoji.com/category/4/anime","https://discordemoji.com/assets/emoji/NatsukiFu.png"
"1538663484-1533","https://discordemoji.com/category/4/anime","https://discordemoji.com/assets/emoji/YamiProud.png"
"1538663484-1192","https://discordemoji.com/category/4/anime","https://discordemoji.com/assets/emoji/megumin_blush.png"
"1538663484-882","https://discordemoji.com/category/4/anime","https://discordemoji.com/assets/emoji/RubySmug.png"
"1538663484-806","https://discordemoji.com/category/4/anime","https://discordemoji.com/assets/emoji/KuroSmug.png"
"1538663484-837","https://discordemoji.com/category/4/anime","https://discordemoji.com/assets/emoji/CentauriThink.png"
"1538663484-795","https://discordemoji.com/category/4/anime","https://discordemoji.com/assets/emoji/illyapokerface.png"
"1538663484-904","https://discordemoji.com/category/4/anime","https://discordemoji.com/assets/emoji/WifiChan.png"
"1538663484-965","https://discordemoji.com/category/4/anime","https://discordemoji.com/assets/emoji/wait_this_is_porn.png"
"1538663484-1123","https://discordemoji.com/category/4/anime","https://discordemoji.com/assets/emoji/AllPingEyes.png"
"1538663484-1147","https://discordemoji.com/category/4/anime","https://discordemoji.com/assets/emoji/shockeddeku.png"
"1538663484-1300","https://discordemoji.com/category/4/anime","https://discordemoji.com/assets/emoji/idc.png"
"1538663484-1368","https://discordemoji.com/category/4/anime","https://discordemoji.com/assets/emoji/tfw_no_gf_but_i_have_money_so_who_cares.png"
"1538663484-1001","https://discordemoji.com/category/4/anime","https://discordemoji.com/assets/emoji/IoThumbsUp.png"
"1538663484-863","https://discordemoji.com/category/4/anime","https://discordemoji.com/assets/emoji/INTSL_Ruby_YES.png"
"1538663484-1137","https://discordemoji.com/category/4/anime","https://discordemoji.com/assets/emoji/UniAwee.png"
"1538663484-1226","https://discordemoji.com/category/4/anime","https://discordemoji.com/assets/emoji/QuagsireLUL.png"
"1538663484-991","https://discordemoji.com/category/4/anime","https://discordemoji.com/assets/emoji/KaosWTF.png"
"1538663484-1392","https://discordemoji.com/category/4/anime","https://discordemoji.com/assets/emoji/OwOLain.png"
"1538663484-1180","https://discordemoji.com/category/4/anime","https://discordemoji.com/assets/emoji/astolfo_thonk.png"
"1538663484-902","https://discordemoji.com/category/4/anime","https://discordemoji.com/assets/emoji/RBCwhat.png"
"1538663484-1355","https://discordemoji.com/category/4/anime","https://discordemoji.com/assets/emoji/mokou_ping.png"
"1538663484-1263","https://discordemoji.com/category/4/anime","https://discordemoji.com/assets/emoji/VulpixThink.png"
"1538663484-1416","https://discordemoji.com/category/4/anime","https://discordemoji.com/assets/emoji/nicotine.png"
"1538663484-926","https://discordemoji.com/category/4/anime","https://discordemoji.com/assets/emoji/platelet_cheer.png"
"1538663484-852","https://discordemoji.com/category/4/anime","https://discordemoji.com/assets/emoji/pantsu2.png"
"1538663484-788","https://discordemoji.com/category/4/anime","https://discordemoji.com/assets/emoji/hellasweatin.png"
"1538663484-998","https://discordemoji.com/category/4/anime","https://discordemoji.com/assets/emoji/PikagLance.png"
"1538663484-1130","https://discordemoji.com/category/4/anime","https://discordemoji.com/assets/emoji/MafuEH.png"
"1538663484-1196","https://discordemoji.com/category/4/anime","https://discordemoji.com/assets/emoji/Melonbanned.png"
"1538663484-1473","https://discordemoji.com/category/4/anime","https://discordemoji.com/assets/emoji/OchakoStare.png"
"1538663484-967","https://discordemoji.com/category/4/anime","https://discordemoji.com/assets/emoji/kiritochibi.png"
"1538663484-851","https://discordemoji.com/category/4/anime","https://discordemoji.com/assets/emoji/bbdab.png"
"1538663484-1376","https://discordemoji.com/category/4/anime","https://discordemoji.com/assets/emoji/hakusad.png"
"1538663484-1234","https://discordemoji.com/category/4/anime","https://discordemoji.com/assets/emoji/SylveonRip.png"
"1538663484-1515","https://discordemoji.com/category/4/anime","https://discordemoji.com/assets/emoji/JibrilShock.png"
"1538663484-1402","https://discordemoji.com/category/4/anime","https://discordemoji.com/assets/emoji/givemeyourphone.png"
"1538663484-942","https://discordemoji.com/category/4/anime","https://discordemoji.com/assets/emoji/KyuGhostyHeart.png"
"1538663484-1542","https://discordemoji.com/category/4/anime","https://discordemoji.com/assets/emoji/meinaWink.png"
"1538663484-1012","https://discordemoji.com/category/4/anime","https://discordemoji.com/assets/emoji/AnimeConfused.png"
"1538663484-1027","https://discordemoji.com/category/4/anime","https://discordemoji.com/assets/emoji/MummyLike.png"
"1538663484-1461","https://discordemoji.com/category/4/anime","https://discordemoji.com/assets/emoji/AkaShrug.png"
"1538663484-1340","https://discordemoji.com/category/4/anime","https://discordemoji.com/assets/emoji/isaluteyou.png"
"1538663484-1068","https://discordemoji.com/category/4/anime","https://discordemoji.com/assets/emoji/NepReally.png"
"1538663484-794","https://discordemoji.com/category/4/anime","https://discordemoji.com/assets/emoji/kurosad.png"
"1538663484-1017","https://discordemoji.com/category/4/anime","https://discordemoji.com/assets/emoji/ayano.png"
"1538663484-913","https://discordemoji.com/category/4/anime","https://discordemoji.com/assets/emoji/mshiko.png"
"1538663484-1163","https://discordemoji.com/category/4/anime","https://discordemoji.com/assets/emoji/MafuPliz.png"
"1538663484-826","https://discordemoji.com/category/4/anime","https://discordemoji.com/assets/emoji/KagerouYum.png"
"1538663484-1500","https://discordemoji.com/category/4/anime","https://discordemoji.com/assets/emoji/ChenMeh.png"
"1538663484-1495","https://discordemoji.com/category/4/anime","https://discordemoji.com/assets/emoji/HishironWhat.png"
"1538663484-822","https://discordemoji.com/category/4/anime","https://discordemoji.com/assets/emoji/KagerouHappy.png"
"1538663484-1519","https://discordemoji.com/category/4/anime","https://discordemoji.com/assets/emoji/RokaNaisu.png"
"1538663484-1018","https://discordemoji.com/category/4/anime","https://discordemoji.com/assets/emoji/shiina.png"
"1538663484-1321","https://discordemoji.com/category/4/anime","https://discordemoji.com/assets/emoji/JotaroLaughter.png"
"1538663484-1016","https://discordemoji.com/category/4/anime","https://discordemoji.com/assets/emoji/VigneSmile.png"
"1538663484-1538","https://discordemoji.com/category/4/anime","https://discordemoji.com/assets/emoji/UmaruLlorar.png"
"1538663484-807","https://discordemoji.com/category/4/anime","https://discordemoji.com/assets/emoji/Kurosmile.png"
"1538663484-818","https://discordemoji.com/category/4/anime","https://discordemoji.com/assets/emoji/Sasuke_Uchia_from_Naruto.png"
"1538663484-1182","https://discordemoji.com/category/4/anime","https://discordemoji.com/assets/emoji/null_rei.png"
"1538663484-1296","https://discordemoji.com/category/4/anime","https://discordemoji.com/assets/emoji/gurl_cri.png"
"1538663484-1223","https://discordemoji.com/category/4/anime","https://discordemoji.com/assets/emoji/TreeckoNo.png"
"1538663484-862","https://discordemoji.com/category/4/anime","https://discordemoji.com/assets/emoji/INTSL_sadistic_Nagatoro.png"
"1538663484-1498","https://discordemoji.com/category/4/anime","https://discordemoji.com/assets/emoji/Cenzuoyeah.png"
"1538663484-1526","https://discordemoji.com/category/4/anime","https://discordemoji.com/assets/emoji/GangSigns.png"
"1538663484-1552","https://discordemoji.com/category/4/anime","https://discordemoji.com/assets/emoji/GWnonSataniaSpoopy.png"
"1538663484-877","https://discordemoji.com/category/4/anime","https://discordemoji.com/assets/emoji/INTSL_Zoro_sleepy.png"
"1538663484-1308","https://discordemoji.com/category/4/anime","https://discordemoji.com/assets/emoji/d_potm_smile.png"
"1538663484-1046","https://discordemoji.com/category/4/anime","https://discordemoji.com/assets/emoji/DekuDead.png"
"1538663484-1179","https://discordemoji.com/category/4/anime","https://discordemoji.com/assets/emoji/FoxDown.png"
"1538663484-1283","https://discordemoji.com/category/4/anime","https://discordemoji.com/assets/emoji/black_yuyuko.png"
"1538663484-1266","https://discordemoji.com/category/4/anime","https://discordemoji.com/assets/emoji/XatuOWO.png"
"1538663484-1212","https://discordemoji.com/category/4/anime","https://discordemoji.com/assets/emoji/AwooREEEE.png"
"1538663484-1549","https://discordemoji.com/category/4/anime","https://discordemoji.com/assets/emoji/YesPlease.png"
"1538663484-1364","https://discordemoji.com/category/4/anime","https://discordemoji.com/assets/emoji/fujiwara_no_jew.png"
"1538663484-1425","https://discordemoji.com/category/4/anime","https://discordemoji.com/assets/emoji/AmatsuWat.png"
"1538663484-791","https://discordemoji.com/category/4/anime","https://discordemoji.com/assets/emoji/kuroawn.png"
"1538663484-1060","https://discordemoji.com/category/4/anime","https://discordemoji.com/assets/emoji/rindothumb.png"
"1538663484-1270","https://discordemoji.com/category/4/anime","https://discordemoji.com/assets/emoji/HaunterFU.png"
"1538663484-1474","https://discordemoji.com/category/4/anime","https://discordemoji.com/assets/emoji/CatHood.png"
"1538663484-1314","https://discordemoji.com/category/4/anime","https://discordemoji.com/assets/emoji/ugu_nuh.png"
"1538663484-872","https://discordemoji.com/category/4/anime","https://discordemoji.com/assets/emoji/INTSL_Jolyne_AHHH.png"
"1538663484-936","https://discordemoji.com/category/4/anime","https://discordemoji.com/assets/emoji/Satsuki.png"
"1538663484-1409","https://discordemoji.com/category/4/anime","https://discordemoji.com/assets/emoji/rindoeheh.png"
"1538663484-1548","https://discordemoji.com/category/4/anime","https://discordemoji.com/assets/emoji/REEEE.png"
"1538663484-1124","https://discordemoji.com/category/4/anime","https://discordemoji.com/assets/emoji/AllPing.png"
"1538663484-1233","https://discordemoji.com/category/4/anime","https://discordemoji.com/assets/emoji/GlaceonShush.png"
"1538663484-1087","https://discordemoji.com/category/4/anime","https://discordemoji.com/assets/emoji/NadeshikoYes.png"
"1538663484-1511","https://discordemoji.com/category/4/anime","https://discordemoji.com/assets/emoji/ceaseBullying.png"
"1538663484-1462","https://discordemoji.com/category/4/anime","https://discordemoji.com/assets/emoji/dvaLick.png"
"1538663484-879","https://discordemoji.com/category/4/anime","https://discordemoji.com/assets/emoji/INTSL_Yangry.png"
"1538663484-908","https://discordemoji.com/category/4/anime","https://discordemoji.com/assets/emoji/kouhai.png"
"1538663484-1054","https://discordemoji.com/category/4/anime","https://discordemoji.com/assets/emoji/trap.png"
"1538663484-1110","https://discordemoji.com/category/4/anime","https://discordemoji.com/assets/emoji/randomneko.png"
"1538663484-1247","https://discordemoji.com/category/4/anime","https://discordemoji.com/assets/emoji/melissa.png"
"1538663484-1525","https://discordemoji.com/category/4/anime","https://discordemoji.com/assets/emoji/GWtogaTheSaddest.png"
"1538663484-1035","https://discordemoji.com/category/4/anime","https://discordemoji.com/assets/emoji/PikaPray.png"
"1538663484-1109","https://discordemoji.com/category/4/anime","https://discordemoji.com/assets/emoji/gasmm2.png"
"1538663484-1372","https://discordemoji.com/category/4/anime","https://discordemoji.com/assets/emoji/Serena.png"
"1538663484-832","https://discordemoji.com/category/4/anime","https://discordemoji.com/assets/emoji/CompaXD.png"
"1538663484-1007","https://discordemoji.com/category/4/anime","https://discordemoji.com/assets/emoji/2bgasm.png"
"1538663484-1188","https://discordemoji.com/category/4/anime","https://discordemoji.com/assets/emoji/catgirl_marisa_thumbsup.png"
"1538663484-1062","https://discordemoji.com/category/4/anime","https://discordemoji.com/assets/emoji/nepxd.png"
"1538663484-903","https://discordemoji.com/category/4/anime","https://discordemoji.com/assets/emoji/RBCwut.png"
"1538663484-931","https://discordemoji.com/category/4/anime","https://discordemoji.com/assets/emoji/SagiriShy.png"
"1538663484-1418","https://discordemoji.com/category/4/anime","https://discordemoji.com/assets/emoji/nanachi_huh.png"
"1538663484-1332","https://discordemoji.com/category/4/anime","https://discordemoji.com/assets/emoji/PopukoTerrified.png"
"1538663484-953","https://discordemoji.com/category/4/anime","https://discordemoji.com/assets/emoji/KyuHearty.png"
"1538663484-1479","https://discordemoji.com/category/4/anime","https://discordemoji.com/assets/emoji/ConfusedAnime.png"
"1538663484-1240","https://discordemoji.com/category/4/anime","https://discordemoji.com/assets/emoji/GutsWaterMagic.png"
"1538663484-1501","https://discordemoji.com/category/4/anime","https://discordemoji.com/assets/emoji/TohruStronker.png"
"1538663484-1371","https://discordemoji.com/category/4/anime","https://discordemoji.com/assets/emoji/Antarc.png"
"1538663484-951","https://discordemoji.com/category/4/anime","https://discordemoji.com/assets/emoji/KyuEvLook.png"
"1538663484-1055","https://discordemoji.com/category/4/anime","https://discordemoji.com/assets/emoji/smug_trap.png"
"1538663484-1516","https://discordemoji.com/category/4/anime","https://discordemoji.com/assets/emoji/soniagasp.png"
"1538663484-1091","https://discordemoji.com/category/4/anime","https://discordemoji.com/assets/emoji/Yato.png"
"1538663484-1551","https://discordemoji.com/category/4/anime","https://discordemoji.com/assets/emoji/whenlifegetsatyou.png"
"1538663484-974","https://discordemoji.com/category/4/anime","https://discordemoji.com/assets/emoji/hmm_stein.png"
"1538663484-1151","https://discordemoji.com/category/4/anime","https://discordemoji.com/assets/emoji/eat_this.png"
"1538663484-1398","https://discordemoji.com/category/4/anime","https://discordemoji.com/assets/emoji/aok.png"
"1538663484-943","https://discordemoji.com/category/4/anime","https://discordemoji.com/assets/emoji/KyuGhostyThink.png"
"1538663484-1076","https://discordemoji.com/category/4/anime","https://discordemoji.com/assets/emoji/Weeb.png"
"1538663484-1140","https://discordemoji.com/category/4/anime","https://discordemoji.com/assets/emoji/ITS_A_TRAP.png"
"1538663484-1251","https://discordemoji.com/category/4/anime","https://discordemoji.com/assets/emoji/GWhighpolyLewd.png"
"1538663484-1098","https://discordemoji.com/category/4/anime","https://discordemoji.com/assets/emoji/mashatexting.png"
"1538663484-1439","https://discordemoji.com/category/4/anime","https://discordemoji.com/assets/emoji/owoThink.png"
"1538663484-990","https://discordemoji.com/category/4/anime","https://discordemoji.com/assets/emoji/Kaneki.png"
"1538663484-1142","https://discordemoji.com/category/4/anime","https://discordemoji.com/assets/emoji/blush_eoto_002.png"
"1538663484-885","https://discordemoji.com/category/4/anime","https://discordemoji.com/assets/emoji/deadkrillin.png"
"1538663484-1290","https://discordemoji.com/category/4/anime","https://discordemoji.com/assets/emoji/KizunaWhat.png"
"1538663484-1331","https://discordemoji.com/category/4/anime","https://discordemoji.com/assets/emoji/PopukoSad.png"
"1538663484-854","https://discordemoji.com/category/4/anime","https://discordemoji.com/assets/emoji/WaffleBully.png"
"1538663484-800","https://discordemoji.com/category/4/anime","https://discordemoji.com/assets/emoji/AkatsukiAngry.png"
"1538663484-1458","https://discordemoji.com/category/4/anime","https://discordemoji.com/assets/emoji/kannaPat.png"
"1538663484-1478","https://discordemoji.com/category/4/anime","https://discordemoji.com/assets/emoji/bakaNepu.png"
"1538663484-1244","https://discordemoji.com/category/4/anime","https://discordemoji.com/assets/emoji/chingchong_meririn.png"
"1538663484-1449","https://discordemoji.com/category/4/anime","https://discordemoji.com/assets/emoji/owoLewd.png"
"1538663484-888","https://discordemoji.com/category/4/anime","https://discordemoji.com/assets/emoji/ChinoSmug.png"
"1538663484-1433","https://discordemoji.com/category/4/anime","https://discordemoji.com/assets/emoji/sadness.png"
"1538663484-1071","https://discordemoji.com/category/4/anime","https://discordemoji.com/assets/emoji/MistySmug.png"
"1538663484-1431","https://discordemoji.com/category/4/anime","https://discordemoji.com/assets/emoji/Woww.png"
"1538663484-1156","https://discordemoji.com/category/4/anime","https://discordemoji.com/assets/emoji/ApologyBow.png"
"1538663484-1125","https://discordemoji.com/category/4/anime","https://discordemoji.com/assets/emoji/Dead_Triggered.png"
"1538663484-1346","https://discordemoji.com/category/4/anime","https://discordemoji.com/assets/emoji/tachi_happi.png"
"1538663484-1316","https://discordemoji.com/category/4/anime","https://discordemoji.com/assets/emoji/ugu_cri.png"
"1538663484-785","https://discordemoji.com/category/4/anime","https://discordemoji.com/assets/emoji/OHNOOOOOOOOO.png"
"1538663484-1236","https://discordemoji.com/category/4/anime","https://discordemoji.com/assets/emoji/ChikoWTF.png"
"1538663484-1031","https://discordemoji.com/category/4/anime","https://discordemoji.com/assets/emoji/PikaAttack.png"
"1538663484-1560","https://discordemoji.com/category/4/anime","https://discordemoji.com/assets/emoji/HikariOK.png"
"1538663484-1472","https://discordemoji.com/category/4/anime","https://discordemoji.com/assets/emoji/ramFive.png"
"1538663484-997","https://discordemoji.com/category/4/anime","https://discordemoji.com/assets/emoji/AzuCry.png"
"1538663484-848","https://discordemoji.com/category/4/anime","https://discordemoji.com/assets/emoji/tamamodab2.png"
"1538663484-869","https://discordemoji.com/category/4/anime","https://discordemoji.com/assets/emoji/INTSL_Mashiron_knife.png"
"1538663484-830","https://discordemoji.com/category/4/anime","https://discordemoji.com/assets/emoji/SataniaThumbsUp.png"
"1538663484-1459","https://discordemoji.com/category/4/anime","https://discordemoji.com/assets/emoji/amariNo.png"
"1538663484-1227","https://discordemoji.com/category/4/anime","https://discordemoji.com/assets/emoji/SquirtleNiceAhah.png"
"1538663484-1358","https://discordemoji.com/category/4/anime","https://discordemoji.com/assets/emoji/discord_light_theme.png"
"1538663484-1480","https://discordemoji.com/category/4/anime","https://discordemoji.com/assets/emoji/hyperangeryAkko.png"
"1538663484-797","https://discordemoji.com/category/4/anime","https://discordemoji.com/assets/emoji/AF_ANIME_GIRL_NO.png"
"1538663484-1011","https://discordemoji.com/category/4/anime","https://discordemoji.com/assets/emoji/AnimeScared.png"
"1538663484-1058","https://discordemoji.com/category/4/anime","https://discordemoji.com/assets/emoji/KyuHype.png"
"1538663484-968","https://discordemoji.com/category/4/anime","https://discordemoji.com/assets/emoji/smug_wuzetian.png"
"1538663484-1338","https://discordemoji.com/category/4/anime","https://discordemoji.com/assets/emoji/MaikaSmug.png"
"1538663484-1104","https://discordemoji.com/category/4/anime","https://discordemoji.com/assets/emoji/mashakiss.png"
"1538663484-1382","https://discordemoji.com/category/4/anime","https://discordemoji.com/assets/emoji/spinny_grill.png"
"1538663484-1191","https://discordemoji.com/category/4/anime","https://discordemoji.com/assets/emoji/aqua_scary.png"
"1538663484-809","https://discordemoji.com/category/4/anime","https://discordemoji.com/assets/emoji/Kuroehhh.png"
"1538663484-1547","https://discordemoji.com/category/4/anime","https://discordemoji.com/assets/emoji/GWnonRaphi.png"
"1538663484-1333","https://discordemoji.com/category/4/anime","https://discordemoji.com/assets/emoji/HelloPolice.png"
"1538663484-1312","https://discordemoji.com/category/4/anime","https://discordemoji.com/assets/emoji/d_cm_smile.png"
"1538663484-843","https://discordemoji.com/category/4/anime","https://discordemoji.com/assets/emoji/HanakoBlush.png"
"1538663484-1561","https://discordemoji.com/category/4/anime","https://discordemoji.com/assets/emoji/Jeanne.png"
"1538663484-1281","https://discordemoji.com/category/4/anime","https://discordemoji.com/assets/emoji/PIccolofacepalm.png"
"1538663484-1307","https://discordemoji.com/category/4/anime","https://discordemoji.com/assets/emoji/d_drow_think.png"
"1538663484-1189","https://discordemoji.com/category/4/anime","https://discordemoji.com/assets/emoji/catgirl_patch_thumbsup.png"
"1538663484-947","https://discordemoji.com/category/4/anime","https://discordemoji.com/assets/emoji/KyuTired.png"
"1538663484-1139","https://discordemoji.com/category/4/anime","https://discordemoji.com/assets/emoji/krillin.png"
"1538663484-786","https://discordemoji.com/category/4/anime","https://discordemoji.com/assets/emoji/NATSUKIpaint.png"
"1538663484-1438","https://discordemoji.com/category/4/anime","https://discordemoji.com/assets/emoji/owo1.png"
"1538663484-1143","https://discordemoji.com/category/4/anime","https://discordemoji.com/assets/emoji/otaku.png"
"1538663484-1476","https://discordemoji.com/category/4/anime","https://discordemoji.com/assets/emoji/FelixKiss.png"
"1538663484-1117","https://discordemoji.com/category/4/anime","https://discordemoji.com/assets/emoji/Kaneki.png"
"1538663484-1154","https://discordemoji.com/category/4/anime","https://discordemoji.com/assets/emoji/creepy.png"
"1538663484-1072","https://discordemoji.com/category/4/anime","https://discordemoji.com/assets/emoji/DatRedPlz.png"
"1538663484-1144","https://discordemoji.com/category/4/anime","https://discordemoji.com/assets/emoji/bbyboi.png"
"1538663484-1568","https://discordemoji.com/category/4/anime","https://discordemoji.com/assets/emoji/RemWink.png"
"1538663484-1122","https://discordemoji.com/category/4/anime","https://discordemoji.com/assets/emoji/cir_happy.png"
"1538663484-1141","https://discordemoji.com/category/4/anime","https://discordemoji.com/assets/emoji/gao_002.png"
"1538663484-1176","https://discordemoji.com/category/4/anime","https://discordemoji.com/assets/emoji/PsyduckPanic.png"
"1538663484-999","https://discordemoji.com/category/4/anime","https://discordemoji.com/assets/emoji/SquirtleOdd.png"
"1538663484-1445","https://discordemoji.com/category/4/anime","https://discordemoji.com/assets/emoji/owoAwoo.png"
"1538663484-1520","https://discordemoji.com/category/4/anime","https://discordemoji.com/assets/emoji/AquaBaka.png"
"1538663484-1465","https://discordemoji.com/category/4/anime","https://discordemoji.com/assets/emoji/GuriThinking.png"
"1538663484-1127","https://discordemoji.com/category/4/anime","https://discordemoji.com/assets/emoji/ptw.png"
"1538663484-842","https://discordemoji.com/category/4/anime","https://discordemoji.com/assets/emoji/NatsukiBlush.png"
"1538663484-1319","https://discordemoji.com/category/4/anime","https://discordemoji.com/assets/emoji/KaeriThink.png"
"1538663484-793","https://discordemoji.com/category/4/anime","https://discordemoji.com/assets/emoji/kurolewd.png"
"1538663484-1343","https://discordemoji.com/category/4/anime","https://discordemoji.com/assets/emoji/Eeeeeeeeh.png"
"1538663484-1506","https://discordemoji.com/category/4/anime","https://discordemoji.com/assets/emoji/rokaGimme.png"
"1538663484-1454","https://discordemoji.com/category/4/anime","https://discordemoji.com/assets/emoji/owoWink.png"
"1538663484-989","https://discordemoji.com/category/4/anime","https://discordemoji.com/assets/emoji/TaikoubouThink.png"
"1538663484-1215","https://discordemoji.com/category/4/anime","https://discordemoji.com/assets/emoji/CindaBlush.png"
"1538663484-1530","https://discordemoji.com/category/4/anime","https://discordemoji.com/assets/emoji/YamiEvil.png"
"1538663484-1400","https://discordemoji.com/category/4/anime","https://discordemoji.com/assets/emoji/reallynibba.png"
"1538663484-1522","https://discordemoji.com/category/4/anime","https://discordemoji.com/assets/emoji/aquacry.png"
"1538663484-1315","https://discordemoji.com/category/4/anime","https://discordemoji.com/assets/emoji/ugu_happie.png"
"1538663484-1485","https://discordemoji.com/category/4/anime","https://discordemoji.com/assets/emoji/FREEEEEEEE.png"
"1538663484-796","https://discordemoji.com/category/4/anime","https://discordemoji.com/assets/emoji/BulmaFU.png"
"1538663484-1553","https://discordemoji.com/category/4/anime","https://discordemoji.com/assets/emoji/GWnonAiSmug.png"
"1538663484-810","https://discordemoji.com/category/4/anime","https://discordemoji.com/assets/emoji/KuroHummmm.png"
"1538663484-1320","https://discordemoji.com/category/4/anime","https://discordemoji.com/assets/emoji/KaeriThumbsUp.png"
"1538663484-1200","https://discordemoji.com/category/4/anime","https://discordemoji.com/assets/emoji/HitomiFlute.png"
"1538663484-1499","https://discordemoji.com/category/4/anime","https://discordemoji.com/assets/emoji/KotoWave.png"
"1538663484-1253","https://discordemoji.com/category/4/anime","https://discordemoji.com/assets/emoji/QuagsireAwn.png"
"1538663484-850","https://discordemoji.com/category/4/anime","https://discordemoji.com/assets/emoji/tamamodab.png"
"1538663484-1134","https://discordemoji.com/category/4/anime","https://discordemoji.com/assets/emoji/MafuWorried.png"
"1538663484-1377","https://discordemoji.com/category/4/anime","https://discordemoji.com/assets/emoji/logan_paul_suicide_victim.png"
"1538663484-860","https://discordemoji.com/category/4/anime","https://discordemoji.com/assets/emoji/INTSL_smug_Holo.png"
"1538663484-1067","https://discordemoji.com/category/4/anime","https://discordemoji.com/assets/emoji/NepHug.png"
"1538663484-1077","https://discordemoji.com/category/4/anime","https://discordemoji.com/assets/emoji/SatanaThumbsUp.png"
"1538663484-1036","https://discordemoji.com/category/4/anime","https://discordemoji.com/assets/emoji/PikaCool.png"
"1538663484-1224","https://discordemoji.com/category/4/anime","https://discordemoji.com/assets/emoji/ValentineBulba.png"
"1538663484-1075","https://discordemoji.com/category/4/anime","https://discordemoji.com/assets/emoji/SatanaWhaa.png"
"1538663484-1505","https://discordemoji.com/category/4/anime","https://discordemoji.com/assets/emoji/AstolfoWink.png"
"1538663484-812","https://discordemoji.com/category/4/anime","https://discordemoji.com/assets/emoji/FuukaWAWAWA.png"
"1538663484-1396","https://discordemoji.com/category/4/anime","https://discordemoji.com/assets/emoji/TohruPoint.png"
"1538663484-1276","https://discordemoji.com/category/4/anime","https://discordemoji.com/assets/emoji/FeelsBidoofMan.png"
"1538663484-1052","https://discordemoji.com/category/4/anime","https://discordemoji.com/assets/emoji/MiltankWave.png"
"1538663484-1558","https://discordemoji.com/category/4/anime","https://discordemoji.com/assets/emoji/Okita.png"
"1538663484-1245","https://discordemoji.com/category/4/anime","https://discordemoji.com/assets/emoji/chin.png"
"1538663484-1133","https://discordemoji.com/category/4/anime","https://discordemoji.com/assets/emoji/MafuLove.png"
"1538663484-1279","https://discordemoji.com/category/4/anime","https://discordemoji.com/assets/emoji/ItachiFacePalm.png"
"1538663484-920","https://discordemoji.com/category/4/anime","https://discordemoji.com/assets/emoji/haha_satania.png"
"1538663484-1216","https://discordemoji.com/category/4/anime","https://discordemoji.com/assets/emoji/FennekinChill.png"
"1538663484-829","https://discordemoji.com/category/4/anime","https://discordemoji.com/assets/emoji/trainer_ok.png"
"1538663484-1391","https://discordemoji.com/category/4/anime","https://discordemoji.com/assets/emoji/Yuri.png"
"1538663484-1450","https://discordemoji.com/category/4/anime","https://discordemoji.com/assets/emoji/owoScared.png"
"1538663484-1237","https://discordemoji.com/category/4/anime","https://discordemoji.com/assets/emoji/ChimcharListen.png"
"1538663484-1309","https://discordemoji.com/category/4/anime","https://discordemoji.com/assets/emoji/d_lina_chill.png"
"1538663484-1297","https://discordemoji.com/category/4/anime","https://discordemoji.com/assets/emoji/gurl_wut.png"
"1538663484-1009","https://discordemoji.com/category/4/anime","https://discordemoji.com/assets/emoji/lilitheva.png"
"1538663484-1467","https://discordemoji.com/category/4/anime","https://discordemoji.com/assets/emoji/dvaXD.png"
"1538663484-1172","https://discordemoji.com/category/4/anime","https://discordemoji.com/assets/emoji/DittoHeart.png"
"1538663484-907","https://discordemoji.com/category/4/anime","https://discordemoji.com/assets/emoji/grinGintoki.png"
"1538663484-856","https://discordemoji.com/category/4/anime","https://discordemoji.com/assets/emoji/WaffleLewd.png"
"1538663484-1502","https://discordemoji.com/category/4/anime","https://discordemoji.com/assets/emoji/nanoXD.png"
"1538663484-1350","https://discordemoji.com/category/4/anime","https://discordemoji.com/assets/emoji/SmillingZeroTwo.png"
"1538663484-804","https://discordemoji.com/category/4/anime","https://discordemoji.com/assets/emoji/KuroMad.png"
"1538663484-1209","https://discordemoji.com/category/4/anime","https://discordemoji.com/assets/emoji/ConcernedAwoo.png"
"1538663484-1102","https://discordemoji.com/category/4/anime","https://discordemoji.com/assets/emoji/mashaonphone.png"
"1538663484-1079","https://discordemoji.com/category/4/anime","https://discordemoji.com/assets/emoji/morghuh.png"
"1538663484-955","https://discordemoji.com/category/4/anime","https://discordemoji.com/assets/emoji/KyuPliz.png"
"1538663484-1541","https://discordemoji.com/category/4/anime","https://discordemoji.com/assets/emoji/Rember.png"
"1538663484-922","https://discordemoji.com/category/4/anime","https://discordemoji.com/assets/emoji/SovietKanna.png"
"1538663484-1010","https://discordemoji.com/category/4/anime","https://discordemoji.com/assets/emoji/euk.png"
"1538663484-1493","https://discordemoji.com/category/4/anime","https://discordemoji.com/assets/emoji/WakaOk.png"
"1538663484-1211","https://discordemoji.com/category/4/anime","https://discordemoji.com/assets/emoji/BornToAwoo.png"
"1538663484-1205","https://discordemoji.com/category/4/anime","https://discordemoji.com/assets/emoji/HitomiSleep.png"
"1538663484-928","https://discordemoji.com/category/4/anime","https://discordemoji.com/assets/emoji/Pwfff.png"
"1538663484-1486","https://discordemoji.com/category/4/anime","https://discordemoji.com/assets/emoji/ChenHonks.png"
"1538663484-1441","https://discordemoji.com/category/4/anime","https://discordemoji.com/assets/emoji/owoKiss.png"
"1538663484-1421","https://discordemoji.com/category/4/anime","https://discordemoji.com/assets/emoji/yuuka_ANGRY.png"
"1538663484-962","https://discordemoji.com/category/4/anime","https://discordemoji.com/assets/emoji/smug_ereshkigal.png"
"1538663484-889","https://discordemoji.com/category/4/anime","https://discordemoji.com/assets/emoji/LoliConcern.png"
"1538663484-976","https://discordemoji.com/category/4/anime","https://discordemoji.com/assets/emoji/couple_hiro_002.png"
"1538663484-1078","https://discordemoji.com/category/4/anime","https://discordemoji.com/assets/emoji/Gabrielzzz.png"
"1538663484-969","https://discordemoji.com/category/4/anime","https://discordemoji.com/assets/emoji/wtf_natsuki.png"
"1538663484-1037","https://discordemoji.com/category/4/anime","https://discordemoji.com/assets/emoji/PikaSmart.png"
"1538663484-1214","https://discordemoji.com/category/4/anime","https://discordemoji.com/assets/emoji/hunf.png"
"1538663484-1218","https://discordemoji.com/category/4/anime","https://discordemoji.com/assets/emoji/LitwickThumbsUp.png"
"1538663484-1440","https://discordemoji.com/category/4/anime","https://discordemoji.com/assets/emoji/jynSIP.png"
"1538663484-1005","https://discordemoji.com/category/4/anime","https://discordemoji.com/assets/emoji/EmiliaFluffy.png"
"1538663484-1366","https://discordemoji.com/category/4/anime","https://discordemoji.com/assets/emoji/cant_sleep_mokou.png"
"1538663484-1513","https://discordemoji.com/category/4/anime","https://discordemoji.com/assets/emoji/MeguLove.png"
"1538663484-897","https://discordemoji.com/category/4/anime","https://discordemoji.com/assets/emoji/yamete.png"
"1538663484-1306","https://discordemoji.com/category/4/anime","https://discordemoji.com/assets/emoji/d_wr_wink.png"
"1538663484-1329","https://discordemoji.com/category/4/anime","https://discordemoji.com/assets/emoji/aniguns.png"
"1538663484-977","https://discordemoji.com/category/4/anime","https://discordemoji.com/assets/emoji/drool_hotaru.png"
"1538663484-1039","https://discordemoji.com/category/4/anime","https://discordemoji.com/assets/emoji/flandre_joy.png"
"1538663484-1065","https://discordemoji.com/category/4/anime","https://discordemoji.com/assets/emoji/Nepuwah.png"
"1538663484-912","https://discordemoji.com/category/4/anime","https://discordemoji.com/assets/emoji/nadeshiko.png"
"1538663484-1100","https://discordemoji.com/category/4/anime","https://discordemoji.com/assets/emoji/mashaquestion.png"
"1538663484-1327","https://discordemoji.com/category/4/anime","https://discordemoji.com/assets/emoji/PopukoThonkRope.png"
"1538663484-1116","https://discordemoji.com/category/4/anime","https://discordemoji.com/assets/emoji/smuglain.png"
"1538663484-1403","https://discordemoji.com/category/4/anime","https://discordemoji.com/assets/emoji/foxSip.png"
"1538663484-1063","https://discordemoji.com/category/4/anime","https://discordemoji.com/assets/emoji/neppout.png"
"1538663484-1121","https://discordemoji.com/category/4/anime","https://discordemoji.com/assets/emoji/cir_wave.png"
"1538663484-867","https://discordemoji.com/category/4/anime","https://discordemoji.com/assets/emoji/INTSL_Nora_presents.png"
"1538663484-1056","https://discordemoji.com/category/4/anime","https://discordemoji.com/assets/emoji/kijablush.png"
"1538663484-1323","https://discordemoji.com/category/4/anime","https://discordemoji.com/assets/emoji/Popko_Die.png"
"1538663484-981","https://discordemoji.com/category/4/anime","https://discordemoji.com/assets/emoji/LewdSagiri.png"
"1538663484-1442","https://discordemoji.com/category/4/anime","https://discordemoji.com/assets/emoji/owoBlush.png"
"1538663484-1567","https://discordemoji.com/category/4/anime","https://discordemoji.com/assets/emoji/KannaStare.png"
"1538663484-1328","https://discordemoji.com/category/4/anime","https://discordemoji.com/assets/emoji/ChenMiddleFinger.png"
"1538663484-961","https://discordemoji.com/category/4/anime","https://discordemoji.com/assets/emoji/ahStop.png"
"1538663484-1113","https://discordemoji.com/category/4/anime","https://discordemoji.com/assets/emoji/SakuraChiyoWut.png"
"1538663484-1084","https://discordemoji.com/category/4/anime","https://discordemoji.com/assets/emoji/Kawaii.png"
"1538663484-938","https://discordemoji.com/category/4/anime","https://discordemoji.com/assets/emoji/mimikyu.png"
"1538663484-1150","https://discordemoji.com/category/4/anime","https://discordemoji.com/assets/emoji/smug_aizawa.png"
"1538663484-1299","https://discordemoji.com/category/4/anime","https://discordemoji.com/assets/emoji/AAAface.png"
"1538663484-950","https://discordemoji.com/category/4/anime","https://discordemoji.com/assets/emoji/KyuLaugh.png"
"1538663484-799","https://discordemoji.com/category/4/anime","https://discordemoji.com/assets/emoji/Fierroswey.png"
"1538663484-1554","https://discordemoji.com/category/4/anime","https://discordemoji.com/assets/emoji/Hehe.png"
"1538663484-1399","https://discordemoji.com/category/4/anime","https://discordemoji.com/assets/emoji/fiteme.png"
"1538663484-1489","https://discordemoji.com/category/4/anime","https://discordemoji.com/assets/emoji/TohruFlex.png"
"1538663484-1029","https://discordemoji.com/category/4/anime","https://discordemoji.com/assets/emoji/umu.png"
"1538663484-898","https://discordemoji.com/category/4/anime","https://discordemoji.com/assets/emoji/aquanom.png"
"1538663484-1301","https://discordemoji.com/category/4/anime","https://discordemoji.com/assets/emoji/tvhinking.png"
"1538663484-1278","https://discordemoji.com/category/4/anime","https://discordemoji.com/assets/emoji/MrMineThinking.png"
"1538663484-901","https://discordemoji.com/category/4/anime","https://discordemoji.com/assets/emoji/Whatbro.png"
"1538663484-1444","https://discordemoji.com/category/4/anime","https://discordemoji.com/assets/emoji/owoSlap.png"
"1538663484-900","https://discordemoji.com/category/4/anime","https://discordemoji.com/assets/emoji/RanDisgusted.png"
"1538663484-1446","https://discordemoji.com/category/4/anime","https://discordemoji.com/assets/emoji/akariThink.png"
"1538663484-1081","https://discordemoji.com/category/4/anime","https://discordemoji.com/assets/emoji/AsukaHmm.png"
"1538663484-823","https://discordemoji.com/category/4/anime","https://discordemoji.com/assets/emoji/KagerouLaugh.png"
"1538663484-1066","https://discordemoji.com/category/4/anime","https://discordemoji.com/assets/emoji/Nepsmug.png"
"1538663484-840","https://discordemoji.com/category/4/anime","https://discordemoji.com/assets/emoji/NatsukiBleeh.png"
"1538663484-814","https://discordemoji.com/category/4/anime","https://discordemoji.com/assets/emoji/Kuruma.png"
"1538663484-1475","https://discordemoji.com/category/4/anime","https://discordemoji.com/assets/emoji/AkkoLewd.png"
"1538663484-993","https://discordemoji.com/category/4/anime","https://discordemoji.com/assets/emoji/BakugoMEEH.png"
"1538663484-871","https://discordemoji.com/category/4/anime","https://discordemoji.com/assets/emoji/INTSL_Joseph_nani.png"
"1538663484-1436","https://discordemoji.com/category/4/anime","https://discordemoji.com/assets/emoji/owo3.png"
"1538663484-1460","https://discordemoji.com/category/4/anime","https://discordemoji.com/assets/emoji/akkoShrug.png"
"1538663484-1073","https://discordemoji.com/category/4/anime","https://discordemoji.com/assets/emoji/YamataYeah.png"
"1538663484-917","https://discordemoji.com/category/4/anime","https://discordemoji.com/assets/emoji/hug_ailuna.png"
"1538663484-925","https://discordemoji.com/category/4/anime","https://discordemoji.com/assets/emoji/cry_ae3803.png"
"1538663484-937","https://discordemoji.com/category/4/anime","https://discordemoji.com/assets/emoji/AllMightNOOOOPINGS.png"
"1538663484-1564","https://discordemoji.com/category/4/anime","https://discordemoji.com/assets/emoji/GWnoneAngryPing.png"
"1538663484-819","https://discordemoji.com/category/4/anime","https://discordemoji.com/assets/emoji/Naruto_Uzumaki.png"
"1538663484-1092","https://discordemoji.com/category/4/anime","https://discordemoji.com/assets/emoji/Froppy.png"
"1538663484-813","https://discordemoji.com/category/4/anime","https://discordemoji.com/assets/emoji/JoeyCreepy.png"
"1538663484-1292","https://discordemoji.com/category/4/anime","https://discordemoji.com/assets/emoji/RamKiss.png"
"1538663484-1242","https://discordemoji.com/category/4/anime","https://discordemoji.com/assets/emoji/remelia_scerlet.png"
"1538663484-1000","https://discordemoji.com/category/4/anime","https://discordemoji.com/assets/emoji/MeguminPortugalFan.png"
"1538663484-1422","https://discordemoji.com/category/4/anime","https://discordemoji.com/assets/emoji/black_neko.png"
"1538663484-1277","https://discordemoji.com/category/4/anime","https://discordemoji.com/assets/emoji/PiplupSmirk.png"
"1538663484-836","https://discordemoji.com/category/4/anime","https://discordemoji.com/assets/emoji/tamamoeat.png"
"1538663484-1360","https://discordemoji.com/category/4/anime","https://discordemoji.com/assets/emoji/mokou_holding_feces.png"
"1538663484-1361","https://discordemoji.com/category/4/anime","https://discordemoji.com/assets/emoji/mokou_sweat.png"
"1538663484-1168","https://discordemoji.com/category/4/anime","https://discordemoji.com/assets/emoji/BuizelOwo.png"
"1538663484-941","https://discordemoji.com/category/4/anime","https://discordemoji.com/assets/emoji/KyuGhostyCry.png"
"1538663484-1313","https://discordemoji.com/category/4/anime","https://discordemoji.com/assets/emoji/ugu_uhh.png"
"1538663484-1305","https://discordemoji.com/category/4/anime","https://discordemoji.com/assets/emoji/lol_ahri_o.png"
"1538663484-808","https://discordemoji.com/category/4/anime","https://discordemoji.com/assets/emoji/Kuroconfused.png"
"1538663484-1106","https://discordemoji.com/category/4/anime","https://discordemoji.com/assets/emoji/mashabored.png"
"1538663484-995","https://discordemoji.com/category/4/anime","https://discordemoji.com/assets/emoji/Zorori.png"
"1538663484-1453","https://discordemoji.com/category/4/anime","https://discordemoji.com/assets/emoji/owoNya.png"
"1538663484-1161","https://discordemoji.com/category/4/anime","https://discordemoji.com/assets/emoji/smiling_bakugou.png"
"1538663484-1171","https://discordemoji.com/category/4/anime","https://discordemoji.com/assets/emoji/OshawottHein.png"
"1538663484-1393","https://discordemoji.com/category/4/anime","https://discordemoji.com/assets/emoji/KogasaWoah.png"
"1538663484-1257","https://discordemoji.com/category/4/anime","https://discordemoji.com/assets/emoji/TogepiCry.png"
"1538663484-963","https://discordemoji.com/category/4/anime","https://discordemoji.com/assets/emoji/shocked_jeanne.png"
"1538663484-1488","https://discordemoji.com/category/4/anime","https://discordemoji.com/assets/emoji/HonkHonk.png"
"1538663484-1108","https://discordemoji.com/category/4/anime","https://discordemoji.com/assets/emoji/hooboi.png"
"1538663484-805","https://discordemoji.com/category/4/anime","https://discordemoji.com/assets/emoji/Kurohappy.png"
"1538663484-835","https://discordemoji.com/category/4/anime","https://discordemoji.com/assets/emoji/mokou_thinking.png"
"1538663484-1563","https://discordemoji.com/category/4/anime","https://discordemoji.com/assets/emoji/AquaCry.png"
"1538663484-1510","https://discordemoji.com/category/4/anime","https://discordemoji.com/assets/emoji/wowSorude.png"
"1538663484-1023","https://discordemoji.com/category/4/anime","https://discordemoji.com/assets/emoji/Fumikage.png"
"1538663484-1231","https://discordemoji.com/category/4/anime","https://discordemoji.com/assets/emoji/MincinnoKnife.png"
"1538663484-1177","https://discordemoji.com/category/4/anime","https://discordemoji.com/assets/emoji/FoxSad.png"
"1538663484-1162","https://discordemoji.com/category/4/anime","https://discordemoji.com/assets/emoji/smile_lain.png"
"1538663484-1404","https://discordemoji.com/category/4/anime","https://discordemoji.com/assets/emoji/Bleach .png"
"1538663484-1413","https://discordemoji.com/category/4/anime","https://discordemoji.com/assets/emoji/hideri.png"
"1538663484-1348","https://discordemoji.com/category/4/anime","https://discordemoji.com/assets/emoji/002_smile.png"
"1538663484-825","https://discordemoji.com/category/4/anime","https://discordemoji.com/assets/emoji/KagerouWhaaaaaa.png"
"1538663484-1395","https://discordemoji.com/category/4/anime","https://discordemoji.com/assets/emoji/senpai.png"
"1538663484-1550","https://discordemoji.com/category/4/anime","https://discordemoji.com/assets/emoji/Angry.png"
"1538663484-831","https://discordemoji.com/category/4/anime","https://discordemoji.com/assets/emoji/CompaWOW.png"
"1538663484-1262","https://discordemoji.com/category/4/anime","https://discordemoji.com/assets/emoji/PiplupHein.png"
"1538663484-1545","https://discordemoji.com/category/4/anime","https://discordemoji.com/assets/emoji/honeySatisfied.png"
"1538663484-1407","https://discordemoji.com/category/4/anime","https://discordemoji.com/assets/emoji/HentaiHaven.png"
"1538663484-834","https://discordemoji.com/category/4/anime","https://discordemoji.com/assets/emoji/NatsukiLenny.png"
"1538663484-1367","https://discordemoji.com/category/4/anime","https://discordemoji.com/assets/emoji/fat_mokou.png"
"1538663484-801","https://discordemoji.com/category/4/anime","https://discordemoji.com/assets/emoji/Kuroproud.png"
"1538663484-939","https://discordemoji.com/category/4/anime","https://discordemoji.com/assets/emoji/heyYou.png"
"1538663484-1235","https://discordemoji.com/category/4/anime","https://discordemoji.com/assets/emoji/CharmanderYay.png"
"1538663484-892","https://discordemoji.com/category/4/anime","https://discordemoji.com/assets/emoji/NekoWha.png"
"1538663484-866","https://discordemoji.com/category/4/anime","https://discordemoji.com/assets/emoji/INTSL_PFT.png"
"1538663484-1349","https://discordemoji.com/category/4/anime","https://discordemoji.com/assets/emoji/tachi_smile.png"
"1538663484-956","https://discordemoji.com/category/4/anime","https://discordemoji.com/assets/emoji/KyuRage.png"
"1538663484-1169","https://discordemoji.com/category/4/anime","https://discordemoji.com/assets/emoji/ChikoritaAngryBean.png"
"1538663484-1386","https://discordemoji.com/category/4/anime","https://discordemoji.com/assets/emoji/lain.png"
"1538663484-1146","https://discordemoji.com/category/4/anime","https://discordemoji.com/assets/emoji/viktor.png"
"1538663484-984","https://discordemoji.com/category/4/anime","https://discordemoji.com/assets/emoji/BakugoMAGIK.png"
"1538663484-1383","https://discordemoji.com/category/4/anime","https://discordemoji.com/assets/emoji/smug_raiko.png"
"1538663484-838","https://discordemoji.com/category/4/anime","https://discordemoji.com/assets/emoji/ReimuWink.png"
"1538663484-1544","https://discordemoji.com/category/4/anime","https://discordemoji.com/assets/emoji/JustMonika.png"
"1538663484-1484","https://discordemoji.com/category/4/anime","https://discordemoji.com/assets/emoji/RamKiss.png"
"1538663484-1428","https://discordemoji.com/category/4/anime","https://discordemoji.com/assets/emoji/LoliThumb.png"
"1538663484-1529","https://discordemoji.com/category/4/anime","https://discordemoji.com/assets/emoji/YamiAngery.png"
"1538663484-1302","https://discordemoji.com/category/4/anime","https://discordemoji.com/assets/emoji/foxlaff.png"
"1538663484-1210","https://discordemoji.com/category/4/anime","https://discordemoji.com/assets/emoji/CanuckAwoo.png"
"1538663484-1064","https://discordemoji.com/category/4/anime","https://discordemoji.com/assets/emoji/Nepwut.png"
"1538663484-1291","https://discordemoji.com/category/4/anime","https://discordemoji.com/assets/emoji/RemKiss.png"
"1538663484-1164","https://discordemoji.com/category/4/anime","https://discordemoji.com/assets/emoji/kiritoWhat.png"
"1538663484-1203","https://discordemoji.com/category/4/anime","https://discordemoji.com/assets/emoji/02smug.png"
"1538663484-1282","https://discordemoji.com/category/4/anime","https://discordemoji.com/assets/emoji/seija.png"
"1538663484-811","https://discordemoji.com/category/4/anime","https://discordemoji.com/assets/emoji/KuroSmart.png"
"1538663484-1181","https://discordemoji.com/category/4/anime","https://discordemoji.com/assets/emoji/sick_yuuji.png"
"1538663484-934","https://discordemoji.com/category/4/anime","https://discordemoji.com/assets/emoji/notlikebaha.png"
"1538663484-1153","https://discordemoji.com/category/4/anime","https://discordemoji.com/assets/emoji/watermellon.png"
"1538663484-844","https://discordemoji.com/category/4/anime","https://discordemoji.com/assets/emoji/froggynagato.png"
"1538663484-1086","https://discordemoji.com/category/4/anime","https://discordemoji.com/assets/emoji/NadeshikoScared.png"
"1538663484-932","https://discordemoji.com/category/4/anime","https://discordemoji.com/assets/emoji/plugsuitshinji.png"
"1538663484-945","https://discordemoji.com/category/4/anime","https://discordemoji.com/assets/emoji/KyuCup.png"
"1538663484-1232","https://discordemoji.com/category/4/anime","https://discordemoji.com/assets/emoji/GengarPout.png"
"1538663484-887","https://discordemoji.com/category/4/anime","https://discordemoji.com/assets/emoji/Loli_What.png"
"1538663484-1131","https://discordemoji.com/category/4/anime","https://discordemoji.com/assets/emoji/MafuBlushInLove.png"
"1538663484-1555","https://discordemoji.com/category/4/anime","https://discordemoji.com/assets/emoji/Astolfo.png"
"1538663484-858","https://discordemoji.com/category/4/anime","https://discordemoji.com/assets/emoji/WaffleBleeh.png"
"1538663484-1490","https://discordemoji.com/category/4/anime","https://discordemoji.com/assets/emoji/ShallPog.png"
"1538663484-881","https://discordemoji.com/category/4/anime","https://discordemoji.com/assets/emoji/INTSL_Weiss_peek.png"
"1538663484-1239","https://discordemoji.com/category/4/anime","https://discordemoji.com/assets/emoji/ChimcharSpeak.png"
"1538663484-1507","https://discordemoji.com/category/4/anime","https://discordemoji.com/assets/emoji/AquaYeah.png"
"1538663484-1523","https://discordemoji.com/category/4/anime","https://discordemoji.com/assets/emoji/mikancry.png"
"1538663484-1013","https://discordemoji.com/category/4/anime","https://discordemoji.com/assets/emoji/fish_hug.png"
"1538663484-1093","https://discordemoji.com/category/4/anime","https://discordemoji.com/assets/emoji/KenKaneki.png"
"1538663484-1157","https://discordemoji.com/category/4/anime","https://discordemoji.com/assets/emoji/ochako.png"
"1538663484-1512","https://discordemoji.com/category/4/anime","https://discordemoji.com/assets/emoji/VampyYay.png"
"1538663484-1088","https://discordemoji.com/category/4/anime","https://discordemoji.com/assets/emoji/poiblush.png"
"1538663484-1194","https://discordemoji.com/category/4/anime","https://discordemoji.com/assets/emoji/ThePerfectAhegao.png"
"1538663484-1048","https://discordemoji.com/category/4/anime","https://discordemoji.com/assets/emoji/BidoofKnive.png"
"1538663484-893","https://discordemoji.com/category/4/anime","https://discordemoji.com/assets/emoji/NekoLove.png"
"1538663484-914","https://discordemoji.com/category/4/anime","https://discordemoji.com/assets/emoji/ramwho.png"
"1538663484-906","https://discordemoji.com/category/4/anime","https://discordemoji.com/assets/emoji/IllyaLoli.png"
"1538663484-1374","https://discordemoji.com/category/4/anime","https://discordemoji.com/assets/emoji/youmu_bus.png"
"1538663484-1557","https://discordemoji.com/category/4/anime","https://discordemoji.com/assets/emoji/SawakoWut.png"
"1538663484-916","https://discordemoji.com/category/4/anime","https://discordemoji.com/assets/emoji/dark_flame_master.png"
"1538663484-1059","https://discordemoji.com/category/4/anime","https://discordemoji.com/assets/emoji/ilyastare.png"
"1538663484-1325","https://discordemoji.com/category/4/anime","https://discordemoji.com/assets/emoji/HitomiOhayo.png"
"1538663484-1241","https://discordemoji.com/category/4/anime","https://discordemoji.com/assets/emoji/flanders_scerlet.png"
"1538663484-1388","https://discordemoji.com/category/4/anime","https://discordemoji.com/assets/emoji/Monika.png"
"1538663484-1420","https://discordemoji.com/category/4/anime","https://discordemoji.com/assets/emoji/sixsixsix_mokou.png"
"1538663484-1411","https://discordemoji.com/category/4/anime","https://discordemoji.com/assets/emoji/momohmpf.png"
"1538663484-1030","https://discordemoji.com/category/4/anime","https://discordemoji.com/assets/emoji/UmbreonReally.png"
"1538663484-1183","https://discordemoji.com/category/4/anime","https://discordemoji.com/assets/emoji/null_killer.png"
"1538663484-883","https://discordemoji.com/category/4/anime","https://discordemoji.com/assets/emoji/SuikaWaa.png"
"1538663484-886","https://discordemoji.com/category/4/anime","https://discordemoji.com/assets/emoji/pgun.png"
"1538663484-1334","https://discordemoji.com/category/4/anime","https://discordemoji.com/assets/emoji/NekoChen.png"
"1538663484-1090","https://discordemoji.com/category/4/anime","https://discordemoji.com/assets/emoji/YatoCat.png"
"1538663484-1022","https://discordemoji.com/category/4/anime","https://discordemoji.com/assets/emoji/Kido_think.png"
"1538663484-1310","https://discordemoji.com/category/4/anime","https://discordemoji.com/assets/emoji/d_ta_que.png"
"1538663484-933","https://discordemoji.com/category/4/anime","https://discordemoji.com/assets/emoji/sadshinji.png"
"1538663484-1354","https://discordemoji.com/category/4/anime","https://discordemoji.com/assets/emoji/mokou_HUFF.png"
"1538663484-1491","https://discordemoji.com/category/4/anime","https://discordemoji.com/assets/emoji/bakaKaren.png"
"1538663484-1469","https://discordemoji.com/category/4/anime","https://discordemoji.com/assets/emoji/GWowoSmug.png"
"1538663484-1373","https://discordemoji.com/category/4/anime","https://discordemoji.com/assets/emoji/hakuhehe.png"
"1538663484-857","https://discordemoji.com/category/4/anime","https://discordemoji.com/assets/emoji/WaffleGasm.png"
"1538663484-833","https://discordemoji.com/category/4/anime","https://discordemoji.com/assets/emoji/TaigaAngry.png"
"1538663484-1074","https://discordemoji.com/category/4/anime","https://discordemoji.com/assets/emoji/Sweet.png"
"1538663484-1303","https://discordemoji.com/category/4/anime","https://discordemoji.com/assets/emoji/tvhink.png"
"1538663484-878","https://discordemoji.com/category/4/anime","https://discordemoji.com/assets/emoji/INTSL_Yotsuba_WRONG.png"
"1538663484-971","https://discordemoji.com/category/4/anime","https://discordemoji.com/assets/emoji/wah_nijisanji.png"
"1538663484-1265","https://discordemoji.com/category/4/anime","https://discordemoji.com/assets/emoji/PikaWutS.png"
"1538663484-1359","https://discordemoji.com/category/4/anime","https://discordemoji.com/assets/emoji/mokou_fag_card.png"
"1538663484-915","https://discordemoji.com/category/4/anime","https://discordemoji.com/assets/emoji/Taiga_hug.png"
"1538663484-1293","https://discordemoji.com/category/4/anime","https://discordemoji.com/assets/emoji/KirigiriHuh.png"
"1538663484-1201","https://discordemoji.com/category/4/anime","https://discordemoji.com/assets/emoji/BidoofForeverAlone.png"
"1538663484-1531","https://discordemoji.com/category/4/anime","https://discordemoji.com/assets/emoji/YamiThinking.png"
"1538663484-1317","https://discordemoji.com/category/4/anime","https://discordemoji.com/assets/emoji/ugu_ahh.png"
"1538663484-875","https://discordemoji.com/category/4/anime","https://discordemoji.com/assets/emoji/INTSL_Bulma_Thumbs_up.png"
"1538663484-992","https://discordemoji.com/category/4/anime","https://discordemoji.com/assets/emoji/Jabami.png"
"1538663484-1256","https://discordemoji.com/category/4/anime","https://discordemoji.com/assets/emoji/VaporeonNaife.png"
"1538663484-1028","https://discordemoji.com/category/4/anime","https://discordemoji.com/assets/emoji/YesHurtMeMORE.png"
"1538663484-1126","https://discordemoji.com/category/4/anime","https://discordemoji.com/assets/emoji/chiruCry.png"
"1538663484-1427","https://discordemoji.com/category/4/anime","https://discordemoji.com/assets/emoji/vampireLoli.png"
"1538663484-1217","https://discordemoji.com/category/4/anime","https://discordemoji.com/assets/emoji/LittenRage.png"
"1538663484-1351","https://discordemoji.com/category/4/anime","https://discordemoji.com/assets/emoji/Alice_Confused.png"
"1538663484-1318","https://discordemoji.com/category/4/anime","https://discordemoji.com/assets/emoji/002.png"
"1538663484-821","https://discordemoji.com/category/4/anime","https://discordemoji.com/assets/emoji/KagerouFufufu.png"
"1538663484-1452","https://discordemoji.com/category/4/anime","https://discordemoji.com/assets/emoji/owoXD.png"
"1538663484-827","https://discordemoji.com/category/4/anime","https://discordemoji.com/assets/emoji/EikiDisgust.png"
"1538663484-1119","https://discordemoji.com/category/4/anime","https://discordemoji.com/assets/emoji/cir_yukkuri.png"
"1538663484-1261","https://discordemoji.com/category/4/anime","https://discordemoji.com/assets/emoji/lettalKWA.png"
"1538663484-954","https://discordemoji.com/category/4/anime","https://discordemoji.com/assets/emoji/KyuNyu.png"
"1538663484-855","https://discordemoji.com/category/4/anime","https://discordemoji.com/assets/emoji/WaffleNani.png"
"1538663484-798","https://discordemoji.com/category/4/anime","https://discordemoji.com/assets/emoji/Kuroblush.png"
"1538663484-841","https://discordemoji.com/category/4/anime","https://discordemoji.com/assets/emoji/NatsukiWaa.png"
"1538663484-1112","https://discordemoji.com/category/4/anime","https://discordemoji.com/assets/emoji/gasmm.png"
"1538663484-864","https://discordemoji.com/category/4/anime","https://discordemoji.com/assets/emoji/INTSL_rebel_kid_Blake.png"
"1538663484-944","https://discordemoji.com/category/4/anime","https://discordemoji.com/assets/emoji/KyuCry.png"
"1538663484-1024","https://discordemoji.com/category/4/anime","https://discordemoji.com/assets/emoji/kono_baka.png"
"1538663484-919","https://discordemoji.com/category/4/anime","https://discordemoji.com/assets/emoji/buff_jack_frost.png"
"1538663484-1532","https://discordemoji.com/category/4/anime","https://discordemoji.com/assets/emoji/YamiShy.png"
"1538663484-802","https://discordemoji.com/category/4/anime","https://discordemoji.com/assets/emoji/Kurosweat.png"
"1538663484-1394","https://discordemoji.com/category/4/anime","https://discordemoji.com/assets/emoji/GWnanamiRinWave.png"
"1538663484-1220","https://discordemoji.com/category/4/anime","https://discordemoji.com/assets/emoji/RowletLove.png"
"1538663484-1089","https://discordemoji.com/category/4/anime","https://discordemoji.com/assets/emoji/megupuke.png"
"1538663484-1424","https://discordemoji.com/category/4/anime","https://discordemoji.com/assets/emoji/fatigued_mokou.png"
"1538663484-1353","https://discordemoji.com/category/4/anime","https://discordemoji.com/assets/emoji/KurumiScreaming.png"
"1538663484-1494","https://discordemoji.com/category/4/anime","https://discordemoji.com/assets/emoji/ShallNotLikeThis.png"
"1538663484-1559","https://discordemoji.com/category/4/anime","https://discordemoji.com/assets/emoji/NicoSmug.png"
"1538663484-1397","https://discordemoji.com/category/4/anime","https://discordemoji.com/assets/emoji/patchy.png"
"1538663484-1330","https://discordemoji.com/category/4/anime","https://discordemoji.com/assets/emoji/WannaDie.png"
"1538663484-1120","https://discordemoji.com/category/4/anime","https://discordemoji.com/assets/emoji/big_idiot.png"
"1538663484-930","https://discordemoji.com/category/4/anime","https://discordemoji.com/assets/emoji/OkabePose.png"
"1538663484-1389","https://discordemoji.com/category/4/anime","https://discordemoji.com/assets/emoji/Natsuki.png"
"1538663484-1129","https://discordemoji.com/category/4/anime","https://discordemoji.com/assets/emoji/MafuRefuse.png"
"1538663484-1160","https://discordemoji.com/category/4/anime","https://discordemoji.com/assets/emoji/allmight.png"
"1538663484-1069","https://discordemoji.com/category/4/anime","https://discordemoji.com/assets/emoji/nepnep.png"
"1538663484-986","https://discordemoji.com/category/4/anime","https://discordemoji.com/assets/emoji/NatakuPing.png"
"1538663484-960","https://discordemoji.com/category/4/anime","https://discordemoji.com/assets/emoji/woah.png"
"1538663484-1053","https://discordemoji.com/category/4/anime","https://discordemoji.com/assets/emoji/GiscorTongueWinkingEye.png"
"1538663484-1492","https://discordemoji.com/category/4/anime","https://discordemoji.com/assets/emoji/ShallAngry.png"
"1538663484-1410","https://discordemoji.com/category/4/anime","https://discordemoji.com/assets/emoji/rindonya.png"
"1538663484-1034","https://discordemoji.com/category/4/anime","https://discordemoji.com/assets/emoji/PikaConfuse.png"
"1538663484-1528","https://discordemoji.com/category/4/anime","https://discordemoji.com/assets/emoji/YamiUninterested.png"
"1538663484-868","https://discordemoji.com/category/4/anime","https://discordemoji.com/assets/emoji/INTSL_Nami_Sanji_heart_eyes.png"
"1538663484-921","https://discordemoji.com/category/4/anime","https://discordemoji.com/assets/emoji/ShinoSmirk.png"
"1538663484-1042","https://discordemoji.com/category/4/anime","https://discordemoji.com/assets/emoji/flandre_down.png"
"1538663484-817","https://discordemoji.com/category/4/anime","https://discordemoji.com/assets/emoji/Hokage_of_the_3rd_Gen_Hiruzen_Sarutobi_Naruto.png"
"1538663484-1437","https://discordemoji.com/category/4/anime","https://discordemoji.com/assets/emoji/owo4.png"
"1538663484-994","https://discordemoji.com/category/4/anime","https://discordemoji.com/assets/emoji/BakugoOK.png"
"1538663484-828","https://discordemoji.com/category/4/anime","https://discordemoji.com/assets/emoji/MadokaLewd.png"
"1538663484-1238","https://discordemoji.com/category/4/anime","https://discordemoji.com/assets/emoji/ChimcharSee.png"
"1538663484-985","https://discordemoji.com/category/4/anime","https://discordemoji.com/assets/emoji/Awoo2B.png"
"1538663484-1534","https://discordemoji.com/category/4/anime","https://discordemoji.com/assets/emoji/YamiStare.png"
"1538663484-1497","https://discordemoji.com/category/4/anime","https://discordemoji.com/assets/emoji/remYeah.png"
"1538663484-1470","https://discordemoji.com/category/4/anime","https://discordemoji.com/assets/emoji/remLewd.png"
"1538663484-905","https://discordemoji.com/category/4/anime","https://discordemoji.com/assets/emoji/HanakoLewd.png"
"1538663484-1535","https://discordemoji.com/category/4/anime","https://discordemoji.com/assets/emoji/YamiWhy.png"
"1538663484-959","https://discordemoji.com/category/4/anime","https://discordemoji.com/assets/emoji/KyuBox.png"
"1538663484-1275","https://discordemoji.com/category/4/anime","https://discordemoji.com/assets/emoji/awoo_icon.png"
"1538663484-1070","https://discordemoji.com/category/4/anime","https://discordemoji.com/assets/emoji/NepOkay.png"
"1538663484-1097","https://discordemoji.com/category/4/anime","https://discordemoji.com/assets/emoji/mashathumbsup.png"
"1538663484-1456","https://discordemoji.com/category/4/anime","https://discordemoji.com/assets/emoji/owoGlare.png"
"1538663484-1111","https://discordemoji.com/category/4/anime","https://discordemoji.com/assets/emoji/girlcat.png"
"1538663484-1272","https://discordemoji.com/category/4/anime","https://discordemoji.com/assets/emoji/vashalanor.png"
"1538663484-1061","https://discordemoji.com/category/4/anime","https://discordemoji.com/assets/emoji/thinkon.png"
"1538663484-1514","https://discordemoji.com/category/4/anime","https://discordemoji.com/assets/emoji/miyanoYeah.png"
"1538663484-873","https://discordemoji.com/category/4/anime","https://discordemoji.com/assets/emoji/INTSL_Gappy_good_shit.png"
"1538663484-1286","https://discordemoji.com/category/4/anime","https://discordemoji.com/assets/emoji/CyclopsYesPillow.png"
"1538663484-1229","https://discordemoji.com/category/4/anime","https://discordemoji.com/assets/emoji/TepigCry.png"
"1538663484-865","https://discordemoji.com/category/4/anime","https://discordemoji.com/assets/emoji/INTSL_Popuke_sleep.png"
"1538663484-1057","https://discordemoji.com/category/4/anime","https://discordemoji.com/assets/emoji/KyuSalty.png"
"1538663484-911","https://discordemoji.com/category/4/anime","https://discordemoji.com/assets/emoji/koi.png"
"1538663484-1298","https://discordemoji.com/category/4/anime","https://discordemoji.com/assets/emoji/mikuwave.png"
"1538663484-1208","https://discordemoji.com/category/4/anime","https://discordemoji.com/assets/emoji/HitomiPte.png"
"1538663484-1085","https://discordemoji.com/category/4/anime","https://discordemoji.com/assets/emoji/birthday_boy.png"
"1538663484-853","https://discordemoji.com/category/4/anime","https://discordemoji.com/assets/emoji/WaffleWAAA.png"
"1538663484-927","https://discordemoji.com/category/4/anime","https://discordemoji.com/assets/emoji/notlikedeku.png"
"1538663484-964","https://discordemoji.com/category/4/anime","https://discordemoji.com/assets/emoji/Disabled_Megumin.png"
"1538663484-1380","https://discordemoji.com/category/4/anime","https://discordemoji.com/assets/emoji/cirno_shrug.png"
"1538663484-870","https://discordemoji.com/category/4/anime","https://discordemoji.com/assets/emoji/INTSL_Kizaru_THIS.png"
"1538663484-966","https://discordemoji.com/category/4/anime","https://discordemoji.com/assets/emoji/is_that_lunch.png"
"1538663484-1094","https://discordemoji.com/category/4/anime","https://discordemoji.com/assets/emoji/mashaupset.png"
"1538663484-1249","https://discordemoji.com/category/4/anime","https://discordemoji.com/assets/emoji/sahkooya.png"
"1538663484-987","https://discordemoji.com/category/4/anime","https://discordemoji.com/assets/emoji/BakugoPIO.png"
"1538663484-1015","https://discordemoji.com/category/4/anime","https://discordemoji.com/assets/emoji/koishi.png"
"1538663484-924","https://discordemoji.com/category/4/anime","https://discordemoji.com/assets/emoji/wot.png"
"1538663484-1114","https://discordemoji.com/category/4/anime","https://discordemoji.com/assets/emoji/IchigoCry.png"
"1538663484-996","https://discordemoji.com/category/4/anime","https://discordemoji.com/assets/emoji/Bulbassaulto1.png"
"1538663484-918","https://discordemoji.com/category/4/anime","https://discordemoji.com/assets/emoji/melty_jack_frost.png"
"1538663484-884","https://discordemoji.com/category/4/anime","https://discordemoji.com/assets/emoji/LoliWoah.png"
"1538663484-1369","https://discordemoji.com/category/4/anime","https://discordemoji.com/assets/emoji/SistineSmug.png"
"1538663484-861","https://discordemoji.com/category/4/anime","https://discordemoji.com/assets/emoji/INTSL_Sakamoto_dab.png"
"1538663484-1408","https://discordemoji.com/category/4/anime","https://discordemoji.com/assets/emoji/melsmug.png"
"1538663484-846","https://discordemoji.com/category/4/anime","https://discordemoji.com/assets/emoji/Kannasuicide.png"
"1538663484-1326","https://discordemoji.com/category/4/anime","https://discordemoji.com/assets/emoji/Hikari_devious.png"
"1538663484-1050","https://discordemoji.com/category/4/anime","https://discordemoji.com/assets/emoji/MiltankDrink.png"
"1538663484-958","https://discordemoji.com/category/4/anime","https://discordemoji.com/assets/emoji/KyuLurk.png"
"1538663484-1099","https://discordemoji.com/category/4/anime","https://discordemoji.com/assets/emoji/mashashy.png"
"1538663484-1096","https://discordemoji.com/category/4/anime","https://discordemoji.com/assets/emoji/mashatired.png"
"1538663484-1385","https://discordemoji.com/category/4/anime","https://discordemoji.com/assets/emoji/shiki_cat.png"
"1538663484-1357","https://discordemoji.com/category/4/anime","https://discordemoji.com/assets/emoji/mokou_dead_inside.png"
"1538663484-1186","https://discordemoji.com/category/4/anime","https://discordemoji.com/assets/emoji/francie_angry.png"
"1538663484-1518","https://discordemoji.com/category/4/anime","https://discordemoji.com/assets/emoji/OchakoCryingWithoutHerPhone.png"
"1538663484-1434","https://discordemoji.com/category/4/anime","https://discordemoji.com/assets/emoji/owoLurk.png"
"1538663484-1167","https://discordemoji.com/category/4/anime","https://discordemoji.com/assets/emoji/SquirtleWonderfull.png"
"1538663484-880","https://discordemoji.com/category/4/anime","https://discordemoji.com/assets/emoji/umu_heart.png"
"1538663484-1101","https://discordemoji.com/category/4/anime","https://discordemoji.com/assets/emoji/mashadoor.png"
"1538663484-1429","https://discordemoji.com/category/4/anime","https://discordemoji.com/assets/emoji/Smuggy.png"
"1538663484-1274","https://discordemoji.com/category/4/anime","https://discordemoji.com/assets/emoji/maika1.png"
"1538663484-874","https://discordemoji.com/category/4/anime","https://discordemoji.com/assets/emoji/INTSL_Chiyochichi.png"
"1538663484-1347","https://discordemoji.com/category/4/anime","https://discordemoji.com/assets/emoji/02smile.png"
"1538663484-1185","https://discordemoji.com/category/4/anime","https://discordemoji.com/assets/emoji/doggo_nao_angry.png"
"1538663484-1540","https://discordemoji.com/category/4/anime","https://discordemoji.com/assets/emoji/Ohayo.png"
"1538663484-895","https://discordemoji.com/category/4/anime","https://discordemoji.com/assets/emoji/Umu_paper.png"
"1538663484-859","https://discordemoji.com/category/4/anime","https://discordemoji.com/assets/emoji/WaffleABABAB.png"
"1538663484-909","https://discordemoji.com/category/4/anime","https://discordemoji.com/assets/emoji/oyasumi.png"
"1538663484-1339","https://discordemoji.com/category/4/anime","https://discordemoji.com/assets/emoji/SurveyCorpsEmblem.png"
"1538663484-1190","https://discordemoji.com/category/4/anime","https://discordemoji.com/assets/emoji/002_lurk.png"
"1538663484-1264","https://discordemoji.com/category/4/anime","https://discordemoji.com/assets/emoji/PikaRIP.png"
"1538663484-1003","https://discordemoji.com/category/4/anime","https://discordemoji.com/assets/emoji/NarmayaSmile.png"
"1538663484-1419","https://discordemoji.com/category/4/anime","https://discordemoji.com/assets/emoji/doesnt_need_money_mokou.png"
"1538663484-792","https://discordemoji.com/category/4/anime","https://discordemoji.com/assets/emoji/kuroohw.png"
"1538663484-975","https://discordemoji.com/category/4/anime","https://discordemoji.com/assets/emoji/skeptical_midori.png"
"1538663484-1543","https://discordemoji.com/category/4/anime","https://discordemoji.com/assets/emoji/TiaraDealwithit.png"
"1538663484-1524","https://discordemoji.com/category/4/anime","https://discordemoji.com/assets/emoji/GWtogaSataniaDead.png"
"1538663484-1322","https://discordemoji.com/category/4/anime","https://discordemoji.com/assets/emoji/uuuLain.png"
"1538663484-1228","https://discordemoji.com/category/4/anime","https://discordemoji.com/assets/emoji/SquirtleSquadCool.png"
"1538663484-849","https://discordemoji.com/category/4/anime","https://discordemoji.com/assets/emoji/suzukadab.png"
"1538663484-1356","https://discordemoji.com/category/4/anime","https://discordemoji.com/assets/emoji/mokou_nervous.png"
"1538663484-1482","https://discordemoji.com/category/4/anime","https://discordemoji.com/assets/emoji/KohinaSui.png"
"1538663484-1202","https://discordemoji.com/category/4/anime","https://discordemoji.com/assets/emoji/SadNeko.png"
