web-scraper-order,web-scraper-start-url,img_element-src
"1538661818-223","https://discordemoji.com/category/1/original-style","https://discordemoji.com/assets/emoji/CAT6.png"
"1538661818-623","https://discordemoji.com/category/1/original-style","https://discordemoji.com/assets/emoji/cateye.png"
"1538661818-176","https://discordemoji.com/category/1/original-style","https://discordemoji.com/assets/emoji/rainbowheart.png"
"1538661818-545","https://discordemoji.com/category/1/original-style","https://discordemoji.com/assets/emoji/no_u.png"
"1538661818-534","https://discordemoji.com/category/1/original-style","https://discordemoji.com/assets/emoji/Life_is_thonkless.png"
"1538661818-531","https://discordemoji.com/category/1/original-style","https://discordemoji.com/assets/emoji/Logang.png"
"1538661818-173","https://discordemoji.com/category/1/original-style","https://discordemoji.com/assets/emoji/am2dm.png"
"1538661818-297","https://discordemoji.com/category/1/original-style","https://discordemoji.com/assets/emoji/blueLoli.png"
"1538661818-579","https://discordemoji.com/category/1/original-style","https://discordemoji.com/assets/emoji/HeartEyesThinking.png"
"1538661818-420","https://discordemoji.com/category/1/original-style","https://discordemoji.com/assets/emoji/Discord_kissing_heart.png"
"1538661818-590","https://discordemoji.com/category/1/original-style","https://discordemoji.com/assets/emoji/pingturtle.png"
"1538661818-344","https://discordemoji.com/category/1/original-style","https://discordemoji.com/assets/emoji/laptoping.png"
"1538661818-348","https://discordemoji.com/category/1/original-style","https://discordemoji.com/assets/emoji/pingTicket.png"
"1538661818-654","https://discordemoji.com/category/1/original-style","https://discordemoji.com/assets/emoji/NoSpin.png"
"1538661818-646","https://discordemoji.com/category/1/original-style","https://discordemoji.com/assets/emoji/Amused.png"
"1538661818-522","https://discordemoji.com/category/1/original-style","https://discordemoji.com/assets/emoji/Smoking.png"
"1538661818-203","https://discordemoji.com/category/1/original-style","https://discordemoji.com/assets/emoji/100_million.png"
"1538661818-163","https://discordemoji.com/category/1/original-style","https://discordemoji.com/assets/emoji/Sweeteyes.png"
"1538661818-140","https://discordemoji.com/category/1/original-style","https://discordemoji.com/assets/emoji/sovietflag.png"
"1538661818-347","https://discordemoji.com/category/1/original-style","https://discordemoji.com/assets/emoji/pixinhodesinteresaadi.png"
"1538661818-581","https://discordemoji.com/category/1/original-style","https://discordemoji.com/assets/emoji/Pinksob.png"
"1538661818-273","https://discordemoji.com/category/1/original-style","https://discordemoji.com/assets/emoji/communist_donut.png"
"1538661818-119","https://discordemoji.com/category/1/original-style","https://discordemoji.com/assets/emoji/ThinkBlock.png"
"1538661818-525","https://discordemoji.com/category/1/original-style","https://discordemoji.com/assets/emoji/Dab.png"
"1538661818-215","https://discordemoji.com/category/1/original-style","https://discordemoji.com/assets/emoji/CowboyThink.png"
"1538661818-561","https://discordemoji.com/category/1/original-style","https://discordemoji.com/assets/emoji/hyperealisticXD.png"
"1538661818-691","https://discordemoji.com/category/1/original-style","https://discordemoji.com/assets/emoji/YEET.png"
"1538661818-650","https://discordemoji.com/category/1/original-style","https://discordemoji.com/assets/emoji/Excusemewhat.png"
"1538661818-373","https://discordemoji.com/category/1/original-style","https://discordemoji.com/assets/emoji/genderqueer_sparkle_heart.png"
"1538661818-313","https://discordemoji.com/category/1/original-style","https://discordemoji.com/assets/emoji/sparkles_cyan.png"
"1538661818-600","https://discordemoji.com/category/1/original-style","https://discordemoji.com/assets/emoji/PainedJoy.png"
"1538661818-279","https://discordemoji.com/category/1/original-style","https://discordemoji.com/assets/emoji/FruitSex.png"
"1538661818-339","https://discordemoji.com/category/1/original-style","https://discordemoji.com/assets/emoji/TropicalFish.png"
"1538661818-395","https://discordemoji.com/category/1/original-style","https://discordemoji.com/assets/emoji/GETOUTMYROOM.png"
"1538661818-115","https://discordemoji.com/category/1/original-style","https://discordemoji.com/assets/emoji/Blushy.png"
"1538661818-247","https://discordemoji.com/category/1/original-style","https://discordemoji.com/assets/emoji/gyragender_sparkle_heart.png"
"1538661818-431","https://discordemoji.com/category/1/original-style","https://discordemoji.com/assets/emoji/DiscordThinking.png"
"1538661818-568","https://discordemoji.com/category/1/original-style","https://discordemoji.com/assets/emoji/Dounce.png"
"1538661818-614","https://discordemoji.com/category/1/original-style","https://discordemoji.com/assets/emoji/cute_tank.png"
"1538661818-116","https://discordemoji.com/category/1/original-style","https://discordemoji.com/assets/emoji/giggle_flat.png"
"1538661818-619","https://discordemoji.com/category/1/original-style","https://discordemoji.com/assets/emoji/pukeconfused.png"
"1538661818-679","https://discordemoji.com/category/1/original-style","https://discordemoji.com/assets/emoji/Loser.png"
"1538661818-393","https://discordemoji.com/category/1/original-style","https://discordemoji.com/assets/emoji/100umu.png"
"1538661818-428","https://discordemoji.com/category/1/original-style","https://discordemoji.com/assets/emoji/Discord_smilingface.png"
"1538661818-582","https://discordemoji.com/category/1/original-style","https://discordemoji.com/assets/emoji/ikillu.png"
"1538661818-189","https://discordemoji.com/category/1/original-style","https://discordemoji.com/assets/emoji/fronk.png"
"1538661818-609","https://discordemoji.com/category/1/original-style","https://discordemoji.com/assets/emoji/redvelvet_birthday.png"
"1538661818-231","https://discordemoji.com/category/1/original-style","https://discordemoji.com/assets/emoji/SMILESWEAT6.png"
"1538661818-669","https://discordemoji.com/category/1/original-style","https://discordemoji.com/assets/emoji/OhRlyNow.png"
"1538661818-240","https://discordemoji.com/category/1/original-style","https://discordemoji.com/assets/emoji/flag_gbnir.png"
"1538661818-180","https://discordemoji.com/category/1/original-style","https://discordemoji.com/assets/emoji/white_eggplant.png"
"1538661818-285","https://discordemoji.com/category/1/original-style","https://discordemoji.com/assets/emoji/Receipt.png"
"1538661818-690","https://discordemoji.com/category/1/original-style","https://discordemoji.com/assets/emoji/LULOLUMFAO.png"
"1538661818-330","https://discordemoji.com/category/1/original-style","https://discordemoji.com/assets/emoji/Texas.png"
"1538661818-628","https://discordemoji.com/category/1/original-style","https://discordemoji.com/assets/emoji/HookUp.png"
"1538661818-130","https://discordemoji.com/category/1/original-style","https://discordemoji.com/assets/emoji/snopes_true.png"
"1538661818-546","https://discordemoji.com/category/1/original-style","https://discordemoji.com/assets/emoji/Angeryblob.png"
"1538661818-578","https://discordemoji.com/category/1/original-style","https://discordemoji.com/assets/emoji/100_blue.png"
"1538661818-524","https://discordemoji.com/category/1/original-style","https://discordemoji.com/assets/emoji/Zombie2.png"
"1538661818-471","https://discordemoji.com/category/1/original-style","https://discordemoji.com/assets/emoji/ok_u.png"
"1538661818-580","https://discordemoji.com/category/1/original-style","https://discordemoji.com/assets/emoji/BlueHearts.png"
"1538661818-234","https://discordemoji.com/category/1/original-style","https://discordemoji.com/assets/emoji/Deadass.png"
"1538661818-312","https://discordemoji.com/category/1/original-style","https://discordemoji.com/assets/emoji/poc_gay_pride_flag.png"
"1538661818-657","https://discordemoji.com/category/1/original-style","https://discordemoji.com/assets/emoji/HypeSquad.png"
"1538661818-487","https://discordemoji.com/category/1/original-style","https://discordemoji.com/assets/emoji/mmLol.png"
"1538661818-275","https://discordemoji.com/category/1/original-style","https://discordemoji.com/assets/emoji/american_donut.png"
"1538661818-558","https://discordemoji.com/category/1/original-style","https://discordemoji.com/assets/emoji/ellemmayyo.png"
"1538661818-388","https://discordemoji.com/category/1/original-style","https://discordemoji.com/assets/emoji/uhh.png"
"1538661818-508","https://discordemoji.com/category/1/original-style","https://discordemoji.com/assets/emoji/wrongface.png"
"1538661818-326","https://discordemoji.com/category/1/original-style","https://discordemoji.com/assets/emoji/CoolCry.png"
"1538661818-167","https://discordemoji.com/category/1/original-style","https://discordemoji.com/assets/emoji/owner.png"
"1538661818-210","https://discordemoji.com/category/1/original-style","https://discordemoji.com/assets/emoji/10_emoji.png"
"1538661818-360","https://discordemoji.com/category/1/original-style","https://discordemoji.com/assets/emoji/nope.png"
"1538661818-262","https://discordemoji.com/category/1/original-style","https://discordemoji.com/assets/emoji/yote.png"
"1538661818-325","https://discordemoji.com/category/1/original-style","https://discordemoji.com/assets/emoji/UpToNoGood.png"
"1538661818-221","https://discordemoji.com/category/1/original-style","https://discordemoji.com/assets/emoji/MEESMILE6.png"
"1538661818-310","https://discordemoji.com/category/1/original-style","https://discordemoji.com/assets/emoji/agender_pride_flag.png"
"1538661818-540","https://discordemoji.com/category/1/original-style","https://discordemoji.com/assets/emoji/betterBlush.png"
"1538661818-331","https://discordemoji.com/category/1/original-style","https://discordemoji.com/assets/emoji/Nosebleed.png"
"1538661818-689","https://discordemoji.com/category/1/original-style","https://discordemoji.com/assets/emoji/pGAY.png"
"1538661818-513","https://discordemoji.com/category/1/original-style","https://discordemoji.com/assets/emoji/pRip.png"
"1538661818-171","https://discordemoji.com/category/1/original-style","https://discordemoji.com/assets/emoji/coolsun.png"
"1538661818-184","https://discordemoji.com/category/1/original-style","https://discordemoji.com/assets/emoji/flag_mld_ssr.png"
"1538661818-652","https://discordemoji.com/category/1/original-style","https://discordemoji.com/assets/emoji/CrowThink.png"
"1538661818-367","https://discordemoji.com/category/1/original-style","https://discordemoji.com/assets/emoji/asexual_sparkle_heart.png"
"1538661818-387","https://discordemoji.com/category/1/original-style","https://discordemoji.com/assets/emoji/pBoi.png"
"1538661818-621","https://discordemoji.com/category/1/original-style","https://discordemoji.com/assets/emoji/EmojiPallet.png"
"1538661818-462","https://discordemoji.com/category/1/original-style","https://discordemoji.com/assets/emoji/toohappy.png"
"1538661818-342","https://discordemoji.com/category/1/original-style","https://discordemoji.com/assets/emoji/paperping.png"
"1538661818-701","https://discordemoji.com/category/1/original-style","https://discordemoji.com/assets/emoji/rolf.png"
"1538661818-272","https://discordemoji.com/category/1/original-style","https://discordemoji.com/assets/emoji/straight_flag.png"
"1538661818-586","https://discordemoji.com/category/1/original-style","https://discordemoji.com/assets/emoji/10outof10.png"
"1538661818-182","https://discordemoji.com/category/1/original-style","https://discordemoji.com/assets/emoji/WomanSlightSmile.png"
"1538661818-661","https://discordemoji.com/category/1/original-style","https://discordemoji.com/assets/emoji/pee_drops.png"
"1538661818-232","https://discordemoji.com/category/1/original-style","https://discordemoji.com/assets/emoji/XMARK6.png"
"1538661818-385","https://discordemoji.com/category/1/original-style","https://discordemoji.com/assets/emoji/WLW_Sparkle_Heart.png"
"1538661818-286","https://discordemoji.com/category/1/original-style","https://discordemoji.com/assets/emoji/Celebration.png"
"1538661818-542","https://discordemoji.com/category/1/original-style","https://discordemoji.com/assets/emoji/suprised.png"
"1538661818-237","https://discordemoji.com/category/1/original-style","https://discordemoji.com/assets/emoji/flag_gb1707.png"
"1538661818-464","https://discordemoji.com/category/1/original-style","https://discordemoji.com/assets/emoji/waeryfixedmouth.png"
"1538661818-441","https://discordemoji.com/category/1/original-style","https://discordemoji.com/assets/emoji/sad_anger.png"
"1538661818-208","https://discordemoji.com/category/1/original-style","https://discordemoji.com/assets/emoji/50_emoj.png"
"1538661818-607","https://discordemoji.com/category/1/original-style","https://discordemoji.com/assets/emoji/sun_with_sad_face.png"
"1538661818-648","https://discordemoji.com/category/1/original-style","https://discordemoji.com/assets/emoji/kek.png"
"1538661818-608","https://discordemoji.com/category/1/original-style","https://discordemoji.com/assets/emoji/vanilla_birthday.png"
"1538661818-377","https://discordemoji.com/category/1/original-style","https://discordemoji.com/assets/emoji/demiflux_sparkle_heart.png"
"1538661818-521","https://discordemoji.com/category/1/original-style","https://discordemoji.com/assets/emoji/Kawaii2.png"
"1538661818-137","https://discordemoji.com/category/1/original-style","https://discordemoji.com/assets/emoji/madgay.png"
"1538661818-503","https://discordemoji.com/category/1/original-style","https://discordemoji.com/assets/emoji/nyerher.png"
"1538661818-248","https://discordemoji.com/category/1/original-style","https://discordemoji.com/assets/emoji/greenbanana.png"
"1538661818-337","https://discordemoji.com/category/1/original-style","https://discordemoji.com/assets/emoji/HeartDruel.png"
"1538661818-126","https://discordemoji.com/category/1/original-style","https://discordemoji.com/assets/emoji/rollingeyes.png"
"1538661818-594","https://discordemoji.com/category/1/original-style","https://discordemoji.com/assets/emoji/sparkles_rgb.png"
"1538661818-162","https://discordemoji.com/category/1/original-style","https://discordemoji.com/assets/emoji/Woozy.png"
"1538661818-322","https://discordemoji.com/category/1/original-style","https://discordemoji.com/assets/emoji/Popsicle.png"
"1538661818-697","https://discordemoji.com/category/1/original-style","https://discordemoji.com/assets/emoji/baguettelol.png"
"1538661818-574","https://discordemoji.com/category/1/original-style","https://discordemoji.com/assets/emoji/NikeEmoji.png"
"1538661818-150","https://discordemoji.com/category/1/original-style","https://discordemoji.com/assets/emoji/HypeSquadBrilliance.png"
"1538661818-612","https://discordemoji.com/category/1/original-style","https://discordemoji.com/assets/emoji/weary_fighter.png"
"1538661818-355","https://discordemoji.com/category/1/original-style","https://discordemoji.com/assets/emoji/Flag_LGBT.png"
"1538661818-317","https://discordemoji.com/category/1/original-style","https://discordemoji.com/assets/emoji/orange_heart.png"
"1538661818-696","https://discordemoji.com/category/1/original-style","https://discordemoji.com/assets/emoji/smily.png"
"1538661818-445","https://discordemoji.com/category/1/original-style","https://discordemoji.com/assets/emoji/100_yellow.png"
"1538661818-148","https://discordemoji.com/category/1/original-style","https://discordemoji.com/assets/emoji/Goofy.png"
"1538661818-605","https://discordemoji.com/category/1/original-style","https://discordemoji.com/assets/emoji/sparkles_green.png"
"1538661818-639","https://discordemoji.com/category/1/original-style","https://discordemoji.com/assets/emoji/Smirk_one_hand.png"
"1538661818-662","https://discordemoji.com/category/1/original-style","https://discordemoji.com/assets/emoji/SmilingWithHearts.png"
"1538661818-410","https://discordemoji.com/category/1/original-style","https://discordemoji.com/assets/emoji/nou_blurple.png"
"1538661818-356","https://discordemoji.com/category/1/original-style","https://discordemoji.com/assets/emoji/TheFace.png"
"1538661818-492","https://discordemoji.com/category/1/original-style","https://discordemoji.com/assets/emoji/teal_heart.png"
"1538661818-131","https://discordemoji.com/category/1/original-style","https://discordemoji.com/assets/emoji/snopes_false.png"
"1538661818-418","https://discordemoji.com/category/1/original-style","https://discordemoji.com/assets/emoji/Discord_FB_surprised.png"
"1538661818-201","https://discordemoji.com/category/1/original-style","https://discordemoji.com/assets/emoji/gas.png"
"1538661818-489","https://discordemoji.com/category/1/original-style","https://discordemoji.com/assets/emoji/dead_from_laughing.png"
"1538661818-484","https://discordemoji.com/category/1/original-style","https://discordemoji.com/assets/emoji/weeeb.png"
"1538661818-328","https://discordemoji.com/category/1/original-style","https://discordemoji.com/assets/emoji/smoke.png"
"1538661818-702","https://discordemoji.com/category/1/original-style","https://discordemoji.com/assets/emoji/divineangery.png"
"1538661818-569","https://discordemoji.com/category/1/original-style","https://discordemoji.com/assets/emoji/OwoCool.png"
"1538661818-174","https://discordemoji.com/category/1/original-style","https://discordemoji.com/assets/emoji/lovetwitter.png"
"1538661818-627","https://discordemoji.com/category/1/original-style","https://discordemoji.com/assets/emoji/p0.png"
"1538661818-407","https://discordemoji.com/category/1/original-style","https://discordemoji.com/assets/emoji/nou_green.png"
"1538661818-694","https://discordemoji.com/category/1/original-style","https://discordemoji.com/assets/emoji/loldrops.png"
"1538661818-183","https://discordemoji.com/category/1/original-style","https://discordemoji.com/assets/emoji/rock.png"
"1538661818-449","https://discordemoji.com/category/1/original-style","https://discordemoji.com/assets/emoji/blurple_middle_finger.png"
"1538661818-617","https://discordemoji.com/category/1/original-style","https://discordemoji.com/assets/emoji/pTrap.png"
"1538661818-121","https://discordemoji.com/category/1/original-style","https://discordemoji.com/assets/emoji/breadsmork.png"
"1538661818-466","https://discordemoji.com/category/1/original-style","https://discordemoji.com/assets/emoji/BetterScream.png"
"1538661818-350","https://discordemoji.com/category/1/original-style","https://discordemoji.com/assets/emoji/Hearts_nonbinary.png"
"1538661818-422","https://discordemoji.com/category/1/original-style","https://discordemoji.com/assets/emoji/Discord_smirk.png"
"1538661818-468","https://discordemoji.com/category/1/original-style","https://discordemoji.com/assets/emoji/aaaaafukkkk.png"
"1538661818-436","https://discordemoji.com/category/1/original-style","https://discordemoji.com/assets/emoji/eye_cri.png"
"1538661818-479","https://discordemoji.com/category/1/original-style","https://discordemoji.com/assets/emoji/Gay.png"
"1538661818-563","https://discordemoji.com/category/1/original-style","https://discordemoji.com/assets/emoji/lust.png"
"1538661818-456","https://discordemoji.com/category/1/original-style","https://discordemoji.com/assets/emoji/idgaf.png"
"1538661818-264","https://discordemoji.com/category/1/original-style","https://discordemoji.com/assets/emoji/Dab2.png"
"1538661818-417","https://discordemoji.com/category/1/original-style","https://discordemoji.com/assets/emoji/Discord_FB_Laughing.png"
"1538661818-438","https://discordemoji.com/category/1/original-style","https://discordemoji.com/assets/emoji/bm2018.png"
"1538661818-460","https://discordemoji.com/category/1/original-style","https://discordemoji.com/assets/emoji/rigged.png"
"1538661818-668","https://discordemoji.com/category/1/original-style","https://discordemoji.com/assets/emoji/LULOLUMFAO_Flat.png"
"1538661818-353","https://discordemoji.com/category/1/original-style","https://discordemoji.com/assets/emoji/Hearts_Lesbian.png"
"1538661818-362","https://discordemoji.com/category/1/original-style","https://discordemoji.com/assets/emoji/trans_sparkle_heart.png"
"1538661818-359","https://discordemoji.com/category/1/original-style","https://discordemoji.com/assets/emoji/demisemihemidemisemiquaver.png"
"1538661818-412","https://discordemoji.com/category/1/original-style","https://discordemoji.com/assets/emoji/italian_ma_che_vuoi.png"
"1538661818-529","https://discordemoji.com/category/1/original-style","https://discordemoji.com/assets/emoji/Worried.png"
"1538661818-427","https://discordemoji.com/category/1/original-style","https://discordemoji.com/assets/emoji/Discord_grin.png"
"1538661818-276","https://discordemoji.com/category/1/original-style","https://discordemoji.com/assets/emoji/BeyondScared.png"
"1538661818-455","https://discordemoji.com/category/1/original-style","https://discordemoji.com/assets/emoji/fu_drops.png"
"1538661818-298","https://discordemoji.com/category/1/original-style","https://discordemoji.com/assets/emoji/greenLoli.png"
"1538661818-361","https://discordemoji.com/category/1/original-style","https://discordemoji.com/assets/emoji/ping.png"
"1538661818-506","https://discordemoji.com/category/1/original-style","https://discordemoji.com/assets/emoji/party.png"
"1538661818-154","https://discordemoji.com/category/1/original-style","https://discordemoji.com/assets/emoji/PetroCoin.png"
"1538661818-244","https://discordemoji.com/category/1/original-style","https://discordemoji.com/assets/emoji/ThroughFacePalm.png"
"1538661818-230","https://discordemoji.com/category/1/original-style","https://discordemoji.com/assets/emoji/FR6.png"
"1538661818-238","https://discordemoji.com/category/1/original-style","https://discordemoji.com/assets/emoji/flag_gbsom.png"
"1538661818-629","https://discordemoji.com/category/1/original-style","https://discordemoji.com/assets/emoji/OkDrops.png"
"1538661818-132","https://discordemoji.com/category/1/original-style","https://discordemoji.com/assets/emoji/finnanut.png"
"1538661818-143","https://discordemoji.com/category/1/original-style","https://discordemoji.com/assets/emoji/happythor.png"
"1538661818-166","https://discordemoji.com/category/1/original-style","https://discordemoji.com/assets/emoji/ThatIsSoFUNNY.png"
"1538661818-287","https://discordemoji.com/category/1/original-style","https://discordemoji.com/assets/emoji/SmugFace.png"
"1538661818-402","https://discordemoji.com/category/1/original-style","https://discordemoji.com/assets/emoji/fingergunsleft.png"
"1538661818-145","https://discordemoji.com/category/1/original-style","https://discordemoji.com/assets/emoji/aaaa_helpme.png"
"1538661818-179","https://discordemoji.com/category/1/original-style","https://discordemoji.com/assets/emoji/red_eggplant.png"
"1538661818-257","https://discordemoji.com/category/1/original-style","https://discordemoji.com/assets/emoji/wheeze.png"
"1538661818-493","https://discordemoji.com/category/1/original-style","https://discordemoji.com/assets/emoji/think_fish.png"
"1538661818-583","https://discordemoji.com/category/1/original-style","https://discordemoji.com/assets/emoji/sickcryblood.png"
"1538661818-618","https://discordemoji.com/category/1/original-style","https://discordemoji.com/assets/emoji/pThot.png"
"1538661818-164","https://discordemoji.com/category/1/original-style","https://discordemoji.com/assets/emoji/Stareyes.png"
"1538661818-365","https://discordemoji.com/category/1/original-style","https://discordemoji.com/assets/emoji/lesbian_sparkle_heart.png"
"1538661818-547","https://discordemoji.com/category/1/original-style","https://discordemoji.com/assets/emoji/IsThatYours.png"
"1538661818-194","https://discordemoji.com/category/1/original-style","https://discordemoji.com/assets/emoji/HH_Logo.png"
"1538661818-517","https://discordemoji.com/category/1/original-style","https://discordemoji.com/assets/emoji/over_dabbing.png"
"1538661818-144","https://discordemoji.com/category/1/original-style","https://discordemoji.com/assets/emoji/HandsCrossed.png"
"1538661818-300","https://discordemoji.com/category/1/original-style","https://discordemoji.com/assets/emoji/orangeLoli.png"
"1538661818-599","https://discordemoji.com/category/1/original-style","https://discordemoji.com/assets/emoji/mushroom_nsmb.png"
"1538661818-675","https://discordemoji.com/category/1/original-style","https://discordemoji.com/assets/emoji/SlavThink.png"
"1538661818-324","https://discordemoji.com/category/1/original-style","https://discordemoji.com/assets/emoji/Shooketh.png"
"1538661818-571","https://discordemoji.com/category/1/original-style","https://discordemoji.com/assets/emoji/PinkDiscord.png"
"1538661818-591","https://discordemoji.com/category/1/original-style","https://discordemoji.com/assets/emoji/Omg.png"
"1538661818-515","https://discordemoji.com/category/1/original-style","https://discordemoji.com/assets/emoji/cat.png"
"1538661818-637","https://discordemoji.com/category/1/original-style","https://discordemoji.com/assets/emoji/Fneutral.png"
"1538661818-447","https://discordemoji.com/category/1/original-style","https://discordemoji.com/assets/emoji/no.png"
"1538661818-255","https://discordemoji.com/category/1/original-style","https://discordemoji.com/assets/emoji/gayngerysad.png"
"1538661818-243","https://discordemoji.com/category/1/original-style","https://discordemoji.com/assets/emoji/pound_with_wings.png"
"1538661818-440","https://discordemoji.com/category/1/original-style","https://discordemoji.com/assets/emoji/mentalfunny.png"
"1538661818-659","https://discordemoji.com/category/1/original-style","https://discordemoji.com/assets/emoji/all_drops.png"
"1538661818-572","https://discordemoji.com/category/1/original-style","https://discordemoji.com/assets/emoji/Joi.png"
"1538661818-378","https://discordemoji.com/category/1/original-style","https://discordemoji.com/assets/emoji/polyamorous_sparkle_heart.png"
"1538661818-575","https://discordemoji.com/category/1/original-style","https://discordemoji.com/assets/emoji/balloon_green.png"
"1538661818-676","https://discordemoji.com/category/1/original-style","https://discordemoji.com/assets/emoji/LookingGoodSon.png"
"1538661818-518","https://discordemoji.com/category/1/original-style","https://discordemoji.com/assets/emoji/MauritiusFlag.png"
"1538661818-153","https://discordemoji.com/category/1/original-style","https://discordemoji.com/assets/emoji/PhoneThonk.png"
"1538661818-663","https://discordemoji.com/category/1/original-style","https://discordemoji.com/assets/emoji/raccoon.png"
"1538661818-397","https://discordemoji.com/category/1/original-style","https://discordemoji.com/assets/emoji/AngeryTransparent.png"
"1538661818-463","https://discordemoji.com/category/1/original-style","https://discordemoji.com/assets/emoji/frile.png"
"1538661818-684","https://discordemoji.com/category/1/original-style","https://discordemoji.com/assets/emoji/nope.png"
"1538661818-642","https://discordemoji.com/category/1/original-style","https://discordemoji.com/assets/emoji/angeryfrench.png"
"1538661818-383","https://discordemoji.com/category/1/original-style","https://discordemoji.com/assets/emoji/demisexual_Sparkle_Heart.png"
"1538661818-526","https://discordemoji.com/category/1/original-style","https://discordemoji.com/assets/emoji/CryingCool.png"
"1538661818-677","https://discordemoji.com/category/1/original-style","https://discordemoji.com/assets/emoji/EyesSquint.png"
"1538661818-647","https://discordemoji.com/category/1/original-style","https://discordemoji.com/assets/emoji/JuiceBox.png"
"1538661818-263","https://discordemoji.com/category/1/original-style","https://discordemoji.com/assets/emoji/pensive_cowboy.png"
"1538661818-379","https://discordemoji.com/category/1/original-style","https://discordemoji.com/assets/emoji/BlurpleDab.png"
"1538661818-548","https://discordemoji.com/category/1/original-style","https://discordemoji.com/assets/emoji/TooGuilty.png"
"1538661818-458","https://discordemoji.com/category/1/original-style","https://discordemoji.com/assets/emoji/Triggered.png"
"1538661818-435","https://discordemoji.com/category/1/original-style","https://discordemoji.com/assets/emoji/blurple_100.png"
"1538661818-501","https://discordemoji.com/category/1/original-style","https://discordemoji.com/assets/emoji/NervousSmile.png"
"1538661818-290","https://discordemoji.com/category/1/original-style","https://discordemoji.com/assets/emoji/AlpagaParty.png"
"1538661818-371","https://discordemoji.com/category/1/original-style","https://discordemoji.com/assets/emoji/bigender_sparkle_heart.png"
"1538661818-311","https://discordemoji.com/category/1/original-style","https://discordemoji.com/assets/emoji/asexual_pride_flag.png"
"1538661818-488","https://discordemoji.com/category/1/original-style","https://discordemoji.com/assets/emoji/pxlmmLol.png"
"1538661818-301","https://discordemoji.com/category/1/original-style","https://discordemoji.com/assets/emoji/redLoli.png"
"1538661818-533","https://discordemoji.com/category/1/original-style","https://discordemoji.com/assets/emoji/BetterSmirkEmoji.png"
"1538661818-384","https://discordemoji.com/category/1/original-style","https://discordemoji.com/assets/emoji/Genderfluid_Sparkle_Heart.png"
"1538661818-390","https://discordemoji.com/category/1/original-style","https://discordemoji.com/assets/emoji/pOwo.png"
"1538661818-218","https://discordemoji.com/category/1/original-style","https://discordemoji.com/assets/emoji/imarunuover.png"
"1538661818-270","https://discordemoji.com/category/1/original-style","https://discordemoji.com/assets/emoji/drinkingconan.png"
"1538661818-421","https://discordemoji.com/category/1/original-style","https://discordemoji.com/assets/emoji/Discord_Heart_eyes.png"
"1538661818-490","https://discordemoji.com/category/1/original-style","https://discordemoji.com/assets/emoji/SlowbroDumb.png"
"1538661818-266","https://discordemoji.com/category/1/original-style","https://discordemoji.com/assets/emoji/MadCorrinSmush.png"
"1538661818-693","https://discordemoji.com/category/1/original-style","https://discordemoji.com/assets/emoji/killme.png"
"1538661818-695","https://discordemoji.com/category/1/original-style","https://discordemoji.com/assets/emoji/lolbox.png"
"1538661818-233","https://discordemoji.com/category/1/original-style","https://discordemoji.com/assets/emoji/WINK6.png"
"1538661818-354","https://discordemoji.com/category/1/original-style","https://discordemoji.com/assets/emoji/Hearts_LGBT.png"
"1538661818-680","https://discordemoji.com/category/1/original-style","https://discordemoji.com/assets/emoji/YOU.png"
"1538661818-477","https://discordemoji.com/category/1/original-style","https://discordemoji.com/assets/emoji/Smelly.png"
"1538661818-453","https://discordemoji.com/category/1/original-style","https://discordemoji.com/assets/emoji/yallneedjesus.png"
"1538661818-269","https://discordemoji.com/category/1/original-style","https://discordemoji.com/assets/emoji/Whrrr.png"
"1538661818-152","https://discordemoji.com/category/1/original-style","https://discordemoji.com/assets/emoji/HypeSquadBravery.png"
"1538661818-532","https://discordemoji.com/category/1/original-style","https://discordemoji.com/assets/emoji/DistortedLaughter.png"
"1538661818-576","https://discordemoji.com/category/1/original-style","https://discordemoji.com/assets/emoji/100_green.png"
"1538661818-227","https://discordemoji.com/category/1/original-style","https://discordemoji.com/assets/emoji/MEEOOO6.png"
"1538661818-424","https://discordemoji.com/category/1/original-style","https://discordemoji.com/assets/emoji/Discord_Joy.png"
"1538661818-673","https://discordemoji.com/category/1/original-style","https://discordemoji.com/assets/emoji/1000.png"
"1538661818-640","https://discordemoji.com/category/1/original-style","https://discordemoji.com/assets/emoji/smirk_two_hand.png"
"1538661818-125","https://discordemoji.com/category/1/original-style","https://discordemoji.com/assets/emoji/Megajoy.png"
"1538661818-630","https://discordemoji.com/category/1/original-style","https://discordemoji.com/assets/emoji/BetterOkFlex.png"
"1538661818-254","https://discordemoji.com/category/1/original-style","https://discordemoji.com/assets/emoji/unrequited.png"
"1538661818-391","https://discordemoji.com/category/1/original-style","https://discordemoji.com/assets/emoji/pNani.png"
"1538661818-598","https://discordemoji.com/category/1/original-style","https://discordemoji.com/assets/emoji/mushroom_smb.png"
"1538661818-514","https://discordemoji.com/category/1/original-style","https://discordemoji.com/assets/emoji/iro.png"
"1538661818-333","https://discordemoji.com/category/1/original-style","https://discordemoji.com/assets/emoji/HighlyIrritated.png"
"1538661818-288","https://discordemoji.com/category/1/original-style","https://discordemoji.com/assets/emoji/Mk.png"
"1538661818-268","https://discordemoji.com/category/1/original-style","https://discordemoji.com/assets/emoji/BritishMe.png"
"1538661818-523","https://discordemoji.com/category/1/original-style","https://discordemoji.com/assets/emoji/SuperDepressed.png"
"1538661818-177","https://discordemoji.com/category/1/original-style","https://discordemoji.com/assets/emoji/black_eggplant.png"
"1538661818-172","https://discordemoji.com/category/1/original-style","https://discordemoji.com/assets/emoji/Shut.png"
"1538661818-554","https://discordemoji.com/category/1/original-style","https://discordemoji.com/assets/emoji/USure.png"
"1538661818-358","https://discordemoji.com/category/1/original-style","https://discordemoji.com/assets/emoji/Hmmm.png"
"1538661818-678","https://discordemoji.com/category/1/original-style","https://discordemoji.com/assets/emoji/hmmeyes.png"
"1538661818-530","https://discordemoji.com/category/1/original-style","https://discordemoji.com/assets/emoji/GhostBOOOOO.png"
"1538661818-401","https://discordemoji.com/category/1/original-style","https://discordemoji.com/assets/emoji/fingergunsright.png"
"1538661818-498","https://discordemoji.com/category/1/original-style","https://discordemoji.com/assets/emoji/Smork.png"
"1538661818-414","https://discordemoji.com/category/1/original-style","https://discordemoji.com/assets/emoji/Discord_Sob.png"
"1538661818-613","https://discordemoji.com/category/1/original-style","https://discordemoji.com/assets/emoji/laughing_hybrid.png"
"1538661818-537","https://discordemoji.com/category/1/original-style","https://discordemoji.com/assets/emoji/BlackBall.png"
"1538661818-346","https://discordemoji.com/category/1/original-style","https://discordemoji.com/assets/emoji/amir.png"
"1538661818-136","https://discordemoji.com/category/1/original-style","https://discordemoji.com/assets/emoji/vaultboy.png"
"1538661818-117","https://discordemoji.com/category/1/original-style","https://discordemoji.com/assets/emoji/Pennywise.png"
"1538661818-294","https://discordemoji.com/category/1/original-style","https://discordemoji.com/assets/emoji/AlpagaCop.png"
"1538661818-155","https://discordemoji.com/category/1/original-style","https://discordemoji.com/assets/emoji/banhammer3.png"
"1538661818-316","https://discordemoji.com/category/1/original-style","https://discordemoji.com/assets/emoji/sparkles_blue.png"
"1538661818-486","https://discordemoji.com/category/1/original-style","https://discordemoji.com/assets/emoji/cola_drops.png"
"1538661818-474","https://discordemoji.com/category/1/original-style","https://discordemoji.com/assets/emoji/Whaaa.png"
"1538661818-704","https://discordemoji.com/category/1/original-style","https://discordemoji.com/assets/emoji/cry.png"
"1538661818-212","https://discordemoji.com/category/1/original-style","https://discordemoji.com/assets/emoji/Bitcoin.png"
"1538661818-552","https://discordemoji.com/category/1/original-style","https://discordemoji.com/assets/emoji/SmirkMoustache.png"
"1538661818-242","https://discordemoji.com/category/1/original-style","https://discordemoji.com/assets/emoji/mallard.png"
"1538661818-345","https://discordemoji.com/category/1/original-style","https://discordemoji.com/assets/emoji/mobileping.png"
"1538661818-195","https://discordemoji.com/category/1/original-style","https://discordemoji.com/assets/emoji/puke_drops.png"
"1538661818-214","https://discordemoji.com/category/1/original-style","https://discordemoji.com/assets/emoji/yeewoo.png"
"1538661818-250","https://discordemoji.com/category/1/original-style","https://discordemoji.com/assets/emoji/Muse.png"
"1538661818-190","https://discordemoji.com/category/1/original-style","https://discordemoji.com/assets/emoji/genoious.png"
"1538661818-293","https://discordemoji.com/category/1/original-style","https://discordemoji.com/assets/emoji/AlpagaNO.png"
"1538661818-398","https://discordemoji.com/category/1/original-style","https://discordemoji.com/assets/emoji/salami.png"
"1538661818-634","https://discordemoji.com/category/1/original-style","https://discordemoji.com/assets/emoji/okflex.png"
"1538661818-188","https://discordemoji.com/category/1/original-style","https://discordemoji.com/assets/emoji/balance.png"
"1538661818-519","https://discordemoji.com/category/1/original-style","https://discordemoji.com/assets/emoji/ThinRedLineFlag.png"
"1538661818-351","https://discordemoji.com/category/1/original-style","https://discordemoji.com/assets/emoji/Hearts_Trans.png"
"1538661818-454","https://discordemoji.com/category/1/original-style","https://discordemoji.com/assets/emoji/waitwut.png"
"1538661818-588","https://discordemoji.com/category/1/original-style","https://discordemoji.com/assets/emoji/shooter.png"
"1538661818-429","https://discordemoji.com/category/1/original-style","https://discordemoji.com/assets/emoji/Discord_heart.png"
"1538661818-593","https://discordemoji.com/category/1/original-style","https://discordemoji.com/assets/emoji/sparkles_light.png"
"1538661818-128","https://discordemoji.com/category/1/original-style","https://discordemoji.com/assets/emoji/pYikes.png"
"1538661818-555","https://discordemoji.com/category/1/original-style","https://discordemoji.com/assets/emoji/JoyFace.png"
"1538661818-157","https://discordemoji.com/category/1/original-style","https://discordemoji.com/assets/emoji/transheart.png"
"1538661818-643","https://discordemoji.com/category/1/original-style","https://discordemoji.com/assets/emoji/stab.png"
"1538661818-341","https://discordemoji.com/category/1/original-style","https://discordemoji.com/assets/emoji/LuigiScrem.png"
"1538661818-601","https://discordemoji.com/category/1/original-style","https://discordemoji.com/assets/emoji/pNegativeOne.png"
"1538661818-295","https://discordemoji.com/category/1/original-style","https://discordemoji.com/assets/emoji/AlpagaHeart.png"
"1538661818-655","https://discordemoji.com/category/1/original-style","https://discordemoji.com/assets/emoji/nitro.png"
"1538661818-483","https://discordemoji.com/category/1/original-style","https://discordemoji.com/assets/emoji/sadmmLol.png"
"1538661818-478","https://discordemoji.com/category/1/original-style","https://discordemoji.com/assets/emoji/Racist.png"
"1538661818-700","https://discordemoji.com/category/1/original-style","https://discordemoji.com/assets/emoji/blurryeyes.png"
"1538661818-196","https://discordemoji.com/category/1/original-style","https://discordemoji.com/assets/emoji/blurple_drops.png"
"1538661818-170","https://discordemoji.com/category/1/original-style","https://discordemoji.com/assets/emoji/INTSL_fite_me.png"
"1538661818-147","https://discordemoji.com/category/1/original-style","https://discordemoji.com/assets/emoji/WearyLemon.png"
"1538661818-281","https://discordemoji.com/category/1/original-style","https://discordemoji.com/assets/emoji/BiPride_Discord.png"
"1538661818-626","https://discordemoji.com/category/1/original-style","https://discordemoji.com/assets/emoji/OHHSweat.png"
"1538661818-480","https://discordemoji.com/category/1/original-style","https://discordemoji.com/assets/emoji/Nice.png"
"1538661818-636","https://discordemoji.com/category/1/original-style","https://discordemoji.com/assets/emoji/madlad.png"
"1538661818-187","https://discordemoji.com/category/1/original-style","https://discordemoji.com/assets/emoji/brilliance.png"
"1538661818-181","https://discordemoji.com/category/1/original-style","https://discordemoji.com/assets/emoji/shitforbrains.png"
"1538661818-543","https://discordemoji.com/category/1/original-style","https://discordemoji.com/assets/emoji/Discord_Icon.png"
"1538661818-426","https://discordemoji.com/category/1/original-style","https://discordemoji.com/assets/emoji/Discord_Smiley.png"
"1538661818-323","https://discordemoji.com/category/1/original-style","https://discordemoji.com/assets/emoji/Speechlessblush.png"
"1538661818-632","https://discordemoji.com/category/1/original-style","https://discordemoji.com/assets/emoji/bettercry.png"
"1538661818-122","https://discordemoji.com/category/1/original-style","https://discordemoji.com/assets/emoji/AnimeSquirrel.png"
"1538661818-186","https://discordemoji.com/category/1/original-style","https://discordemoji.com/assets/emoji/bravery.png"
"1538661818-349","https://discordemoji.com/category/1/original-style","https://discordemoji.com/assets/emoji/Hearts_Pansexual.png"
"1538661818-564","https://discordemoji.com/category/1/original-style","https://discordemoji.com/assets/emoji/NoCheese.png"
"1538661818-606","https://discordemoji.com/category/1/original-style","https://discordemoji.com/assets/emoji/sparkles_fiery.png"
"1538661818-481","https://discordemoji.com/category/1/original-style","https://discordemoji.com/assets/emoji/FamLove.png"
"1538661818-538","https://discordemoji.com/category/1/original-style","https://discordemoji.com/assets/emoji/scaryfemale.png"
"1538661818-399","https://discordemoji.com/category/1/original-style","https://discordemoji.com/assets/emoji/EcksDeeKirbee.png"
"1538661818-118","https://discordemoji.com/category/1/original-style","https://discordemoji.com/assets/emoji/100_BOI.png"
"1538661818-699","https://discordemoji.com/category/1/original-style","https://discordemoji.com/assets/emoji/vro.png"
"1538661818-703","https://discordemoji.com/category/1/original-style","https://discordemoji.com/assets/emoji/angerysad.png"
"1538661818-510","https://discordemoji.com/category/1/original-style","https://discordemoji.com/assets/emoji/questionmouth.png"
"1538661818-138","https://discordemoji.com/category/1/original-style","https://discordemoji.com/assets/emoji/madmen.png"
"1538661818-451","https://discordemoji.com/category/1/original-style","https://discordemoji.com/assets/emoji/hm_okay.png"
"1538661818-641","https://discordemoji.com/category/1/original-style","https://discordemoji.com/assets/emoji/Angry_Belgian.png"
"1538661818-386","https://discordemoji.com/category/1/original-style","https://discordemoji.com/assets/emoji/MLM_Sparkle_Heart.png"
"1538661818-589","https://discordemoji.com/category/1/original-style","https://discordemoji.com/assets/emoji/thinksmart.png"
"1538661818-329","https://discordemoji.com/category/1/original-style","https://discordemoji.com/assets/emoji/OrangeJuice.png"
"1538661818-535","https://discordemoji.com/category/1/original-style","https://discordemoji.com/assets/emoji/Neutral.png"
"1538661818-553","https://discordemoji.com/category/1/original-style","https://discordemoji.com/assets/emoji/SmirkBeard.png"
"1538661818-504","https://discordemoji.com/category/1/original-style","https://discordemoji.com/assets/emoji/Amusing.png"
"1538661818-206","https://discordemoji.com/category/1/original-style","https://discordemoji.com/assets/emoji/100000.png"
"1538661818-198","https://discordemoji.com/category/1/original-style","https://discordemoji.com/assets/emoji/200.png"
"1538661818-651","https://discordemoji.com/category/1/original-style","https://discordemoji.com/assets/emoji/CrowWatching.png"
"1538661818-465","https://discordemoji.com/category/1/original-style","https://discordemoji.com/assets/emoji/TrueDat.png"
"1538661818-352","https://discordemoji.com/category/1/original-style","https://discordemoji.com/assets/emoji/Hearts_Bi.png"
"1538661818-408","https://discordemoji.com/category/1/original-style","https://discordemoji.com/assets/emoji/nou_blue.png"
"1538661818-682","https://discordemoji.com/category/1/original-style","https://discordemoji.com/assets/emoji/handless_think.png"
"1538661818-241","https://discordemoji.com/category/1/original-style","https://discordemoji.com/assets/emoji/flag_gbsct.png"
"1538661818-368","https://discordemoji.com/category/1/original-style","https://discordemoji.com/assets/emoji/bi_sparkle_heart.png"
"1538661818-494","https://discordemoji.com/category/1/original-style","https://discordemoji.com/assets/emoji/hitting_a_yeet.png"
"1538661818-211","https://discordemoji.com/category/1/original-style","https://discordemoji.com/assets/emoji/holy_bible.png"
"1538661818-562","https://discordemoji.com/category/1/original-style","https://discordemoji.com/assets/emoji/OPO.png"
"1538661818-159","https://discordemoji.com/category/1/original-style","https://discordemoji.com/assets/emoji/NekoAtsumeWalk.png"
"1538661818-149","https://discordemoji.com/category/1/original-style","https://discordemoji.com/assets/emoji/HypeSquadBrillianceBlack.png"
"1538661818-615","https://discordemoji.com/category/1/original-style","https://discordemoji.com/assets/emoji/rofl_arenacloser.png"
"1538661818-265","https://discordemoji.com/category/1/original-style","https://discordemoji.com/assets/emoji/MadSmashUltimateMiiFighter.png"
"1538661818-633","https://discordemoji.com/category/1/original-style","https://discordemoji.com/assets/emoji/JoyBlood.png"
"1538661818-666","https://discordemoji.com/category/1/original-style","https://discordemoji.com/assets/emoji/YIKES.png"
"1538661818-512","https://discordemoji.com/category/1/original-style","https://discordemoji.com/assets/emoji/thatswhereyourewrong.png"
"1538661818-692","https://discordemoji.com/category/1/original-style","https://discordemoji.com/assets/emoji/SayWhat.png"
"1538661818-437","https://discordemoji.com/category/1/original-style","https://discordemoji.com/assets/emoji/RobloxianDiscord.png"
"1538661818-560","https://discordemoji.com/category/1/original-style","https://discordemoji.com/assets/emoji/RainbowDumb.png"
"1538661818-299","https://discordemoji.com/category/1/original-style","https://discordemoji.com/assets/emoji/yellowLoli.png"
"1538661818-541","https://discordemoji.com/category/1/original-style","https://discordemoji.com/assets/emoji/BugHunter.png"
"1538661818-459","https://discordemoji.com/category/1/original-style","https://discordemoji.com/assets/emoji/Ahegao2.png"
"1538661818-565","https://discordemoji.com/category/1/original-style","https://discordemoji.com/assets/emoji/Balloon_Yellow.png"
"1538661818-597","https://discordemoji.com/category/1/original-style","https://discordemoji.com/assets/emoji/laptop_bsod.png"
"1538661818-382","https://discordemoji.com/category/1/original-style","https://discordemoji.com/assets/emoji/poc_lgbtq_gradient_pride_sparkle_heart.png"
"1538661818-419","https://discordemoji.com/category/1/original-style","https://discordemoji.com/assets/emoji/Discord_Owo.png"
"1538661818-511","https://discordemoji.com/category/1/original-style","https://discordemoji.com/assets/emoji/blep.png"
"1538661818-168","https://discordemoji.com/category/1/original-style","https://discordemoji.com/assets/emoji/INTSL_I_dont_feel_so_yeet.png"
"1538661818-271","https://discordemoji.com/category/1/original-style","https://discordemoji.com/assets/emoji/Steamkey.png"
"1538661818-638","https://discordemoji.com/category/1/original-style","https://discordemoji.com/assets/emoji/Themadman.png"
"1538661818-432","https://discordemoji.com/category/1/original-style","https://discordemoji.com/assets/emoji/BlurpleThumbsDown.png"
"1538661818-374","https://discordemoji.com/category/1/original-style","https://discordemoji.com/assets/emoji/demiboy_sparkle_heart.png"
"1538661818-156","https://discordemoji.com/category/1/original-style","https://discordemoji.com/assets/emoji/cardboard_box.png"
"1538661818-394","https://discordemoji.com/category/1/original-style","https://discordemoji.com/assets/emoji/eggplantDrops.png"
"1538661818-658","https://discordemoji.com/category/1/original-style","https://discordemoji.com/assets/emoji/Faint.png"
"1538661818-450","https://discordemoji.com/category/1/original-style","https://discordemoji.com/assets/emoji/hm_okay2.png"
"1538661818-631","https://discordemoji.com/category/1/original-style","https://discordemoji.com/assets/emoji/ThinkingB.png"
"1538661818-225","https://discordemoji.com/category/1/original-style","https://discordemoji.com/assets/emoji/OWO6.png"
"1538661818-624","https://discordemoji.com/category/1/original-style","https://discordemoji.com/assets/emoji/hyperangry.png"
"1538661818-261","https://discordemoji.com/category/1/original-style","https://discordemoji.com/assets/emoji/hardab.png"
"1538661818-470","https://discordemoji.com/category/1/original-style","https://discordemoji.com/assets/emoji/cunt.png"
"1538661818-389","https://discordemoji.com/category/1/original-style","https://discordemoji.com/assets/emoji/pUwu.png"
"1538661818-502","https://discordemoji.com/category/1/original-style","https://discordemoji.com/assets/emoji/GAYCORD.png"
"1538661818-216","https://discordemoji.com/category/1/original-style","https://discordemoji.com/assets/emoji/DaxEmojiCooolGuy.png"
"1538661818-505","https://discordemoji.com/category/1/original-style","https://discordemoji.com/assets/emoji/Smirle.png"
"1538661818-249","https://discordemoji.com/category/1/original-style","https://discordemoji.com/assets/emoji/OKBro.png"
"1538661818-319","https://discordemoji.com/category/1/original-style","https://discordemoji.com/assets/emoji/satan.png"
"1538661818-573","https://discordemoji.com/category/1/original-style","https://discordemoji.com/assets/emoji/FuYou.png"
"1538661818-585","https://discordemoji.com/category/1/original-style","https://discordemoji.com/assets/emoji/slad.png"
"1538661818-559","https://discordemoji.com/category/1/original-style","https://discordemoji.com/assets/emoji/CakeSPRINKELS.png"
"1538661818-409","https://discordemoji.com/category/1/original-style","https://discordemoji.com/assets/emoji/nou_yellow.png"
"1538661818-687","https://discordemoji.com/category/1/original-style","https://discordemoji.com/assets/emoji/OOF.png"
"1538661818-516","https://discordemoji.com/category/1/original-style","https://discordemoji.com/assets/emoji/flag_kek.png"
"1538661818-120","https://discordemoji.com/category/1/original-style","https://discordemoji.com/assets/emoji/hehefish.png"
"1538661818-557","https://discordemoji.com/category/1/original-style","https://discordemoji.com/assets/emoji/WelcomeToTheInternet.png"
"1538661818-520","https://discordemoji.com/category/1/original-style","https://discordemoji.com/assets/emoji/MLGDab.png"
"1538661818-469","https://discordemoji.com/category/1/original-style","https://discordemoji.com/assets/emoji/Rage.png"
"1538661818-452","https://discordemoji.com/category/1/original-style","https://discordemoji.com/assets/emoji/AnnoyingMiddleFinger.png"
"1538661818-308","https://discordemoji.com/category/1/original-style","https://discordemoji.com/assets/emoji/GayEmoji.png"
"1538661818-683","https://discordemoji.com/category/1/original-style","https://discordemoji.com/assets/emoji/boxing.png"
"1538661818-260","https://discordemoji.com/category/1/original-style","https://discordemoji.com/assets/emoji/CactusThumbsUp.png"
"1538661818-291","https://discordemoji.com/category/1/original-style","https://discordemoji.com/assets/emoji/AlpagaSad.png"
"1538661818-256","https://discordemoji.com/category/1/original-style","https://discordemoji.com/assets/emoji/gayngery.png"
"1538661818-307","https://discordemoji.com/category/1/original-style","https://discordemoji.com/assets/emoji/Mee6Everyone.png"
"1538661818-142","https://discordemoji.com/category/1/original-style","https://discordemoji.com/assets/emoji/AngryUnicorn.png"
"1538661818-482","https://discordemoji.com/category/1/original-style","https://discordemoji.com/assets/emoji/CarryMe.png"
"1538661818-656","https://discordemoji.com/category/1/original-style","https://discordemoji.com/assets/emoji/DiscordPartner.png"
"1538661818-625","https://discordemoji.com/category/1/original-style","https://discordemoji.com/assets/emoji/AppleThink.png"
"1538661818-193","https://discordemoji.com/category/1/original-style","https://discordemoji.com/assets/emoji/spiritphonecathead.png"
"1538661818-674","https://discordemoji.com/category/1/original-style","https://discordemoji.com/assets/emoji/indent.png"
"1538661818-570","https://discordemoji.com/category/1/original-style","https://discordemoji.com/assets/emoji/ROFLMAOok.png"
"1538661818-433","https://discordemoji.com/category/1/original-style","https://discordemoji.com/assets/emoji/BlurpleThumbsUp.png"
"1538661818-259","https://discordemoji.com/category/1/original-style","https://discordemoji.com/assets/emoji/CactusThumbsDown.png"
"1538661818-681","https://discordemoji.com/category/1/original-style","https://discordemoji.com/assets/emoji/Dabbing.png"
"1538661818-239","https://discordemoji.com/category/1/original-style","https://discordemoji.com/assets/emoji/flag_gbcwl.png"
"1538661818-443","https://discordemoji.com/category/1/original-style","https://discordemoji.com/assets/emoji/yingyang.png"
"1538661818-509","https://discordemoji.com/category/1/original-style","https://discordemoji.com/assets/emoji/devil.png"
"1538661818-381","https://discordemoji.com/category/1/original-style","https://discordemoji.com/assets/emoji/poc_lgbtq_pride_sparkle_heart.png"
"1538661818-302","https://discordemoji.com/category/1/original-style","https://discordemoji.com/assets/emoji/flag_dr.png"
"1538661818-499","https://discordemoji.com/category/1/original-style","https://discordemoji.com/assets/emoji/AnnoyingSmile.png"
"1538661818-236","https://discordemoji.com/category/1/original-style","https://discordemoji.com/assets/emoji/fl_london.png"
"1538661818-425","https://discordemoji.com/category/1/original-style","https://discordemoji.com/assets/emoji/Discord_pensive.png"
"1538661818-671","https://discordemoji.com/category/1/original-style","https://discordemoji.com/assets/emoji/pLoli.png"
"1538661818-185","https://discordemoji.com/category/1/original-style","https://discordemoji.com/assets/emoji/bitch.png"
"1538661818-123","https://discordemoji.com/category/1/original-style","https://discordemoji.com/assets/emoji/antifa.png"
"1538661818-336","https://discordemoji.com/category/1/original-style","https://discordemoji.com/assets/emoji/HeartBlood.png"
"1538661818-602","https://discordemoji.com/category/1/original-style","https://discordemoji.com/assets/emoji/BetterTiredFace.png"
"1538661818-282","https://discordemoji.com/category/1/original-style","https://discordemoji.com/assets/emoji/BiPride_Face.png"
"1538661818-363","https://discordemoji.com/category/1/original-style","https://discordemoji.com/assets/emoji/pansexual_sparkle_heart.png"
"1538661818-370","https://discordemoji.com/category/1/original-style","https://discordemoji.com/assets/emoji/polysexual_sparkle_heart.png"
"1538661818-660","https://discordemoji.com/category/1/original-style","https://discordemoji.com/assets/emoji/blood_drops.png"
"1538661818-416","https://discordemoji.com/category/1/original-style","https://discordemoji.com/assets/emoji/Discord_FB_angry.png"
"1538661818-528","https://discordemoji.com/category/1/original-style","https://discordemoji.com/assets/emoji/MixedFeelings.png"
"1538661818-392","https://discordemoji.com/category/1/original-style","https://discordemoji.com/assets/emoji/pMeh.png"
"1538661818-226","https://discordemoji.com/category/1/original-style","https://discordemoji.com/assets/emoji/MEE6.png"
"1538661818-603","https://discordemoji.com/category/1/original-style","https://discordemoji.com/assets/emoji/sparkles_red.png"
"1538661818-139","https://discordemoji.com/category/1/original-style","https://discordemoji.com/assets/emoji/nosebleed.png"
"1538661818-209","https://discordemoji.com/category/1/original-style","https://discordemoji.com/assets/emoji/Host.png"
"1538661818-318","https://discordemoji.com/category/1/original-style","https://discordemoji.com/assets/emoji/balloon_pink.png"
"1538661818-114","https://discordemoji.com/category/1/original-style","https://discordemoji.com/assets/emoji/Embarrassed.png"
"1538661818-496","https://discordemoji.com/category/1/original-style","https://discordemoji.com/assets/emoji/Constipation.png"
"1538661818-327","https://discordemoji.com/category/1/original-style","https://discordemoji.com/assets/emoji/Incognito.png"
"1538661818-277","https://discordemoji.com/category/1/original-style","https://discordemoji.com/assets/emoji/notok_hand.png"
"1538661818-544","https://discordemoji.com/category/1/original-style","https://discordemoji.com/assets/emoji/Suffer_in_Love.png"
"1538661818-309","https://discordemoji.com/category/1/original-style","https://discordemoji.com/assets/emoji/aromantic_pride_flag.png"
"1538661818-207","https://discordemoji.com/category/1/original-style","https://discordemoji.com/assets/emoji/10000.png"
"1538661818-375","https://discordemoji.com/category/1/original-style","https://discordemoji.com/assets/emoji/demi_nonbinary_sparkle_heart.png"
"1538661818-284","https://discordemoji.com/category/1/original-style","https://discordemoji.com/assets/emoji/Raccoon.png"
"1538661818-372","https://discordemoji.com/category/1/original-style","https://discordemoji.com/assets/emoji/agender_sparkle_heart.png"
"1538661818-199","https://discordemoji.com/category/1/original-style","https://discordemoji.com/assets/emoji/101.png"
"1538661818-461","https://discordemoji.com/category/1/original-style","https://discordemoji.com/assets/emoji/angregy.png"
"1538661818-665","https://discordemoji.com/category/1/original-style","https://discordemoji.com/assets/emoji/SafetyJim.png"
"1538661818-278","https://discordemoji.com/category/1/original-style","https://discordemoji.com/assets/emoji/discordtrollface.png"
"1538661818-161","https://discordemoji.com/category/1/original-style","https://discordemoji.com/assets/emoji/Laugh.png"
"1538661818-289","https://discordemoji.com/category/1/original-style","https://discordemoji.com/assets/emoji/mood.png"
"1538661818-667","https://discordemoji.com/category/1/original-style","https://discordemoji.com/assets/emoji/:amertume:.png"
"1538661818-220","https://discordemoji.com/category/1/original-style","https://discordemoji.com/assets/emoji/MEESLEEP6.png"
"1538661818-566","https://discordemoji.com/category/1/original-style","https://discordemoji.com/assets/emoji/TheNews.png"
"1538661818-645","https://discordemoji.com/category/1/original-style","https://discordemoji.com/assets/emoji/milk_drops.png"
"1538661818-222","https://discordemoji.com/category/1/original-style","https://discordemoji.com/assets/emoji/MEESPOOKED6.png"
"1538661818-549","https://discordemoji.com/category/1/original-style","https://discordemoji.com/assets/emoji/yourshoesareuntied.png"
"1538661818-320","https://discordemoji.com/category/1/original-style","https://discordemoji.com/assets/emoji/HocoForSchool.png"
"1538661818-672","https://discordemoji.com/category/1/original-style","https://discordemoji.com/assets/emoji/eggplanthand.png"
"1538661818-175","https://discordemoji.com/category/1/original-style","https://discordemoji.com/assets/emoji/periscope.png"
"1538661818-507","https://discordemoji.com/category/1/original-style","https://discordemoji.com/assets/emoji/shrugging.png"
"1538661818-649","https://discordemoji.com/category/1/original-style","https://discordemoji.com/assets/emoji/OK.png"
"1538661818-369","https://discordemoji.com/category/1/original-style","https://discordemoji.com/assets/emoji/gay_sparkle_heart.png"
"1538661818-192","https://discordemoji.com/category/1/original-style","https://discordemoji.com/assets/emoji/spiritphonecat.png"
"1538661818-472","https://discordemoji.com/category/1/original-style","https://discordemoji.com/assets/emoji/lmao.png"
"1538661818-550","https://discordemoji.com/category/1/original-style","https://discordemoji.com/assets/emoji/LilPump.png"
"1538661818-292","https://discordemoji.com/category/1/original-style","https://discordemoji.com/assets/emoji/AlpagaAsk.png"
"1538661818-304","https://discordemoji.com/category/1/original-style","https://discordemoji.com/assets/emoji/freezing_cold.png"
"1538661818-165","https://discordemoji.com/category/1/original-style","https://discordemoji.com/assets/emoji/discordpoop.png"
"1538661818-357","https://discordemoji.com/category/1/original-style","https://discordemoji.com/assets/emoji/REUPLOADping.png"
"1538661818-200","https://discordemoji.com/category/1/original-style","https://discordemoji.com/assets/emoji/69.png"
"1538661818-439","https://discordemoji.com/category/1/original-style","https://discordemoji.com/assets/emoji/discordcry.png"
"1538661818-457","https://discordemoji.com/category/1/original-style","https://discordemoji.com/assets/emoji/getout.png"
"1538661818-406","https://discordemoji.com/category/1/original-style","https://discordemoji.com/assets/emoji/nou_purple.png"
"1538661818-527","https://discordemoji.com/category/1/original-style","https://discordemoji.com/assets/emoji/AngryCry.png"
"1538661818-423","https://discordemoji.com/category/1/original-style","https://discordemoji.com/assets/emoji/narutorunning.png"
"1538661818-644","https://discordemoji.com/category/1/original-style","https://discordemoji.com/assets/emoji/rain-drops.png"
"1538661818-158","https://discordemoji.com/category/1/original-style","https://discordemoji.com/assets/emoji/broom.png"
"1538661818-584","https://discordemoji.com/category/1/original-style","https://discordemoji.com/assets/emoji/cryblood.png"
"1538661818-539","https://discordemoji.com/category/1/original-style","https://discordemoji.com/assets/emoji/pkys.png"
"1538661818-364","https://discordemoji.com/category/1/original-style","https://discordemoji.com/assets/emoji/aromantic_sparkle_heart.png"
"1538661818-403","https://discordemoji.com/category/1/original-style","https://discordemoji.com/assets/emoji/italian_hand_gesture.png"
"1538661818-224","https://discordemoji.com/category/1/original-style","https://discordemoji.com/assets/emoji/coolsad.png"
"1538661818-178","https://discordemoji.com/category/1/original-style","https://discordemoji.com/assets/emoji/brown_eggplant.png"
"1538661818-303","https://discordemoji.com/category/1/original-style","https://discordemoji.com/assets/emoji/pingBoi.png"
"1538661818-400","https://discordemoji.com/category/1/original-style","https://discordemoji.com/assets/emoji/SadPhox.png"
"1538661818-229","https://discordemoji.com/category/1/original-style","https://discordemoji.com/assets/emoji/MEECRY6.png"
"1538661818-497","https://discordemoji.com/category/1/original-style","https://discordemoji.com/assets/emoji/ReverseSmirk.png"
"1538661818-321","https://discordemoji.com/category/1/original-style","https://discordemoji.com/assets/emoji/PrideSparkleHeart.png"
"1538661818-611","https://discordemoji.com/category/1/original-style","https://discordemoji.com/assets/emoji/awkward_laughing.png"
"1538661818-332","https://discordemoji.com/category/1/original-style","https://discordemoji.com/assets/emoji/Hewoo.png"
"1538661818-334","https://discordemoji.com/category/1/original-style","https://discordemoji.com/assets/emoji/HeartBloodPure.png"
"1538661818-567","https://discordemoji.com/category/1/original-style","https://discordemoji.com/assets/emoji/dumb.png"
"1538661818-129","https://discordemoji.com/category/1/original-style","https://discordemoji.com/assets/emoji/noyoudidnt.png"
"1538661818-205","https://discordemoji.com/category/1/original-style","https://discordemoji.com/assets/emoji/1_million.png"
"1538661818-430","https://discordemoji.com/category/1/original-style","https://discordemoji.com/assets/emoji/White_Heart.png"
"1538661818-616","https://discordemoji.com/category/1/original-style","https://discordemoji.com/assets/emoji/overthinking.png"
"1538661818-620","https://discordemoji.com/category/1/original-style","https://discordemoji.com/assets/emoji/dabglasses.png"
"1538661818-133","https://discordemoji.com/category/1/original-style","https://discordemoji.com/assets/emoji/JoyOpenEyes.png"
"1538661818-135","https://discordemoji.com/category/1/original-style","https://discordemoji.com/assets/emoji/maid.png"
"1538661818-415","https://discordemoji.com/category/1/original-style","https://discordemoji.com/assets/emoji/Discord_Joy_2.png"
"1538661818-338","https://discordemoji.com/category/1/original-style","https://discordemoji.com/assets/emoji/DiscordShield.png"
"1538661818-274","https://discordemoji.com/category/1/original-style","https://discordemoji.com/assets/emoji/chocolate_donut.png"
"1538661818-283","https://discordemoji.com/category/1/original-style","https://discordemoji.com/assets/emoji/Rainbow.png"
"1538661818-217","https://discordemoji.com/category/1/original-style","https://discordemoji.com/assets/emoji/DaxEmojiJoyous.png"
"1538661818-204","https://discordemoji.com/category/1/original-style","https://discordemoji.com/assets/emoji/10_million.png"
"1538661818-473","https://discordemoji.com/category/1/original-style","https://discordemoji.com/assets/emoji/FuckYou.png"
"1538661818-127","https://discordemoji.com/category/1/original-style","https://discordemoji.com/assets/emoji/slightsmilemicro.png"
"1538661818-551","https://discordemoji.com/category/1/original-style","https://discordemoji.com/assets/emoji/tophat_horse.png"
"1538661818-124","https://discordemoji.com/category/1/original-style","https://discordemoji.com/assets/emoji/worldwidetrend.png"
"1538661818-197","https://discordemoji.com/category/1/original-style","https://discordemoji.com/assets/emoji/ping_drops.png"
"1538661818-448","https://discordemoji.com/category/1/original-style","https://discordemoji.com/assets/emoji/SuperShocked.png"
"1538661818-491","https://discordemoji.com/category/1/original-style","https://discordemoji.com/assets/emoji/playtime.png"
"1538661818-315","https://discordemoji.com/category/1/original-style","https://discordemoji.com/assets/emoji/sparkles_blurple.png"
"1538661818-592","https://discordemoji.com/category/1/original-style","https://discordemoji.com/assets/emoji/Blushingface.png"
"1538661818-305","https://discordemoji.com/category/1/original-style","https://discordemoji.com/assets/emoji/salt_shaker.png"
"1538661818-245","https://discordemoji.com/category/1/original-style","https://discordemoji.com/assets/emoji/YugiTrap.png"
"1538661818-577","https://discordemoji.com/category/1/original-style","https://discordemoji.com/assets/emoji/100_white.png"
"1538661818-442","https://discordemoji.com/category/1/original-style","https://discordemoji.com/assets/emoji/blueberry.png"
"1538661818-413","https://discordemoji.com/category/1/original-style","https://discordemoji.com/assets/emoji/AngryEyes.png"
"1538661818-475","https://discordemoji.com/category/1/original-style","https://discordemoji.com/assets/emoji/Heh.png"
"1538661818-296","https://discordemoji.com/category/1/original-style","https://discordemoji.com/assets/emoji/purpleLoli.png"
"1538661818-688","https://discordemoji.com/category/1/original-style","https://discordemoji.com/assets/emoji/420.png"
"1538661818-476","https://discordemoji.com/category/1/original-style","https://discordemoji.com/assets/emoji/Goofy.png"
"1538661818-343","https://discordemoji.com/category/1/original-style","https://discordemoji.com/assets/emoji/comping.png"
"1538661818-213","https://discordemoji.com/category/1/original-style","https://discordemoji.com/assets/emoji/1.png"
"1538661818-202","https://discordemoji.com/category/1/original-style","https://discordemoji.com/assets/emoji/1_billion.png"
"1538661818-253","https://discordemoji.com/category/1/original-style","https://discordemoji.com/assets/emoji/pCaaC.png"
"1538661818-219","https://discordemoji.com/category/1/original-style","https://discordemoji.com/assets/emoji/cryingXD.png"
"1538661818-314","https://discordemoji.com/category/1/original-style","https://discordemoji.com/assets/emoji/sparkles_pink.png"
"1538661818-536","https://discordemoji.com/category/1/original-style","https://discordemoji.com/assets/emoji/Coffee.png"
"1538661818-635","https://discordemoji.com/category/1/original-style","https://discordemoji.com/assets/emoji/happyboi.png"
"1538661818-446","https://discordemoji.com/category/1/original-style","https://discordemoji.com/assets/emoji/100_emojiyellow.png"
"1538661818-404","https://discordemoji.com/category/1/original-style","https://discordemoji.com/assets/emoji/ugandanknuckles_blurple.png"
"1538661818-698","https://discordemoji.com/category/1/original-style","https://discordemoji.com/assets/emoji/lolminecraft.png"
"1538661818-335","https://discordemoji.com/category/1/original-style","https://discordemoji.com/assets/emoji/HeartBloodDruel.png"
"1538661818-670","https://discordemoji.com/category/1/original-style","https://discordemoji.com/assets/emoji/pSin.png"
"1538661818-160","https://discordemoji.com/category/1/original-style","https://discordemoji.com/assets/emoji/InsideLaughter.png"
"1538661818-604","https://discordemoji.com/category/1/original-style","https://discordemoji.com/assets/emoji/sparkles_indigo.png"
"1538661818-191","https://discordemoji.com/category/1/original-style","https://discordemoji.com/assets/emoji/internallysmiling.png"
"1538661818-340","https://discordemoji.com/category/1/original-style","https://discordemoji.com/assets/emoji/thinkloss.png"
"1538661818-411","https://discordemoji.com/category/1/original-style","https://discordemoji.com/assets/emoji/nou_red.png"
"1538661818-169","https://discordemoji.com/category/1/original-style","https://discordemoji.com/assets/emoji/INTSL_fite_me2.png"
"1538661818-246","https://discordemoji.com/category/1/original-style","https://discordemoji.com/assets/emoji/waving_smile.png"
"1538661818-434","https://discordemoji.com/category/1/original-style","https://discordemoji.com/assets/emoji/BlurpleBanHammer.png"
"1538661818-146","https://discordemoji.com/category/1/original-style","https://discordemoji.com/assets/emoji/hahayes.png"
"1538661818-556","https://discordemoji.com/category/1/original-style","https://discordemoji.com/assets/emoji/conceited.png"
"1538661818-235","https://discordemoji.com/category/1/original-style","https://discordemoji.com/assets/emoji/PissOff.png"
"1538661818-587","https://discordemoji.com/category/1/original-style","https://discordemoji.com/assets/emoji/MilkyBoy.png"
"1538661818-444","https://discordemoji.com/category/1/original-style","https://discordemoji.com/assets/emoji/yo.png"
"1538661818-622","https://discordemoji.com/category/1/original-style","https://discordemoji.com/assets/emoji/SherlockClue.png"
"1538661818-686","https://discordemoji.com/category/1/original-style","https://discordemoji.com/assets/emoji/Dab1.png"
"1538661818-113","https://discordemoji.com/category/1/original-style","https://discordemoji.com/assets/emoji/pumpkinevil.png"
"1538661818-467","https://discordemoji.com/category/1/original-style","https://discordemoji.com/assets/emoji/bupmoji.png"
"1538661818-685","https://discordemoji.com/category/1/original-style","https://discordemoji.com/assets/emoji/yay.png"
"1538661818-252","https://discordemoji.com/category/1/original-style","https://discordemoji.com/assets/emoji/Yeah.png"
"1538661818-595","https://discordemoji.com/category/1/original-style","https://discordemoji.com/assets/emoji/sparkles_transparent.png"
"1538661818-251","https://discordemoji.com/category/1/original-style","https://discordemoji.com/assets/emoji/fl_england.png"
"1538661818-267","https://discordemoji.com/category/1/original-style","https://discordemoji.com/assets/emoji/CoolDudesDontCry.png"
"1538661818-280","https://discordemoji.com/category/1/original-style","https://discordemoji.com/assets/emoji/gingerspice.png"
"1538661818-596","https://discordemoji.com/category/1/original-style","https://discordemoji.com/assets/emoji/computer_bsod.png"
"1538661818-500","https://discordemoji.com/category/1/original-style","https://discordemoji.com/assets/emoji/SmirkSweat.png"
"1538661818-151","https://discordemoji.com/category/1/original-style","https://discordemoji.com/assets/emoji/HypeSquadBraveryBlack.png"
"1538661818-376","https://discordemoji.com/category/1/original-style","https://discordemoji.com/assets/emoji/demigirl_sparkle_heart.png"
"1538661818-495","https://discordemoji.com/category/1/original-style","https://discordemoji.com/assets/emoji/ThinkSmirk.png"
"1538661818-485","https://discordemoji.com/category/1/original-style","https://discordemoji.com/assets/emoji/thinkingeyes.png"
"1538661818-396","https://discordemoji.com/category/1/original-style","https://discordemoji.com/assets/emoji/HuhGoodJob.png"
"1538661818-134","https://discordemoji.com/category/1/original-style","https://discordemoji.com/assets/emoji/MasochistThink.png"
"1538661818-258","https://discordemoji.com/category/1/original-style","https://discordemoji.com/assets/emoji/MoiGEE.png"
"1538661818-653","https://discordemoji.com/category/1/original-style","https://discordemoji.com/assets/emoji/Emo.png"
"1538661818-664","https://discordemoji.com/category/1/original-style","https://discordemoji.com/assets/emoji/cupcake.png"
"1538661818-141","https://discordemoji.com/category/1/original-style","https://discordemoji.com/assets/emoji/pShota.png"
"1538661818-405","https://discordemoji.com/category/1/original-style","https://discordemoji.com/assets/emoji/ugandanknuckles_yellow.png"
"1538661818-228","https://discordemoji.com/category/1/original-style","https://discordemoji.com/assets/emoji/MEEHEHE6.png"
"1538661818-610","https://discordemoji.com/category/1/original-style","https://discordemoji.com/assets/emoji/lemon_birthday.png"
"1538661818-306","https://discordemoji.com/category/1/original-style","https://discordemoji.com/assets/emoji/Mee6Throw.png"
"1538661818-380","https://discordemoji.com/category/1/original-style","https://discordemoji.com/assets/emoji/original_lgbtq_sparkle_heart.png"
"1538661818-366","https://discordemoji.com/category/1/original-style","https://discordemoji.com/assets/emoji/nonbinary_sparkle_heart.png"
